h,Tilt angle β,δ (declinación),cos(θ) formula 1,cos(θ) formula 2,A,Latitude φ,cos(δ),sin(δ),cos(β),sin(β),cos(ω),sin(ω),cos(y),sin(y),cos(φ),sin(φ)
1,0,-23.01163673,0.368895578,0.735362179,0,19.32361,0.920425477,-0.390918074,1,0,0.995561965,0.094108313,1,0,0.943664676,0.330903279
2,0,-22.93054361,0.367665881,0.736312312,0,19.32361,0.920977838,-0.389614966,1,0,0.995561965,0.094108313,1,0,0.943664676,0.330903279
3,0,-22.84265567,0.366332316,0.737340391,0,19.32361,0.921574398,-0.388201789,1,0,0.995561965,0.094108313,1,0,0.943664676,0.330903279
4,0,-22.74799897,0.364895081,0.738445708,0,19.32361,0.922214477,-0.386678754,1,0,0.995561965,0.094108313,1,0,0.943664676,0.330903279
5,0,-22.64660154,0.363354392,0.739627501,0,19.32361,0.922897345,-0.385046089,1,0,0.995561965,0.094108313,1,0,0.943664676,0.330903279
6,0,-22.53849343,0.361710485,0.740884955,0,19.32361,0.923622223,-0.383304043,1,0,0.995561965,0.094108313,1,0,0.943664676,0.330903279
7,0,-22.42370668,0.359963612,0.742217205,0,19.32361,0.924388283,-0.381452884,1,0,0.995561965,0.094108313,1,0,0.943664676,0.330903279
8,0,-22.30227531,0.358114045,0.743623332,0,19.32361,0.925194649,-0.379492901,1,0,0.995561965,0.094108313,1,0,0.943664676,0.330903279
9,0,-22.17423529,0.356162078,0.745102366,0,19.32361,0.926040398,-0.377424404,1,0,0.995561965,0.094108313,1,0,0.943664676,0.330903279
10,0,-22.03962456,0.354108022,0.746653288,0,19.32361,0.926924563,-0.375247725,1,0,0.995561965,0.094108313,1,0,0.943664676,0.330903279
11,0,-21.89848302,0.351952213,0.748275029,0,19.32361,0.927846129,-0.372963217,1,0,0.995561965,0.094108313,1,0,0.943664676,0.330903279
12,0,-21.75085248,0.349695005,0.749966471,0,19.32361,0.928804039,-0.370571257,1,0,0.995561965,0.094108313,1,0,0.943664676,0.330903279
13,0,-21.5967767,0.347336776,0.751726448,0,19.32361,0.929797194,-0.368072245,1,0,0.995561965,0.094108313,1,0,0.943664676,0.330903279
14,0,-21.43630132,0.344877927,0.753553746,0,19.32361,0.930824451,-0.365466607,1,0,0.995561965,0.094108313,1,0,0.943664676,0.330903279
15,0,-21.26947391,0.342318883,0.755447107,0,19.32361,0.931884629,-0.362754792,1,0,0.995561965,0.094108313,1,0,0.943664676,0.330903279
16,0,-21.09634389,0.339660091,0.757405225,0,19.32361,0.932976505,-0.359937275,1,0,0.995561965,0.094108313,1,0,0.943664676,0.330903279
17,0,-20.91696257,0.336902027,0.75942675,0,19.32361,0.93409882,-0.357014558,1,0,0.995561965,0.094108313,1,0,0.943664676,0.330903279
18,0,-20.73138311,0.334045187,0.761510292,0,19.32361,0.935250279,-0.35398717,1,0,0.995561965,0.094108313,1,0,0.943664676,0.330903279
19,0,-20.53966049,0.3310901,0.763654413,0,19.32361,0.936429549,-0.350855667,1,0,0.995561965,0.094108313,1,0,0.943664676,0.330903279
20,0,-20.34185152,0.328037316,0.765857638,0,19.32361,0.937635266,-0.347620637,1,0,0.995561965,0.094108313,1,0,0.943664676,0.330903279
21,0,-20.13801482,0.324887416,0.768118451,0,19.32361,0.938866033,-0.344282693,1,0,0.995561965,0.094108313,1,0,0.943664676,0.330903279
22,0,-19.9282108,0.321641008,0.770435296,0,19.32361,0.94012042,-0.34084248,1,0,0.995561965,0.094108313,1,0,0.943664676,0.330903279
23,0,-19.71250161,0.318298731,0.772806581,0,19.32361,0.94139697,-0.337300674,1,0,0.995561965,0.094108313,1,0,0.943664676,0.330903279
24,0,-19.49095119,0.314861252,0.775230675,0,19.32361,0.942694198,-0.333657982,1,0,0.995561965,0.094108313,1,0,0.943664676,0.330903279
25,0,-19.26362517,0.311329268,0.777705913,0,19.32361,0.944010592,-0.329915144,1,0,0.995561965,0.094108313,1,0,0.943664676,0.330903279
26,0,-19.03059093,0.307703508,0.780230598,0,19.32361,0.945344616,-0.326072932,1,0,0.995561965,0.094108313,1,0,0.943664676,0.330903279
27,0,-18.79191752,0.303984733,0.782802999,0,19.32361,0.946694711,-0.322132152,1,0,0.995561965,0.094108313,1,0,0.943664676,0.330903279
28,0,-18.54767565,0.300173735,0.785421352,0,19.32361,0.948059299,-0.318093644,1,0,0.995561965,0.094108313,1,0,0.943664676,0.330903279
29,0,-18.29793771,0.296271341,0.788083867,0,19.32361,0.949436779,-0.313958282,1,0,0.995561965,0.094108313,1,0,0.943664676,0.330903279
30,0,-18.04277769,0.292278408,0.790788724,0,19.32361,0.950825536,-0.309726978,1,0,0.995561965,0.094108313,1,0,0.943664676,0.330903279
31,0,-17.78227121,0.288195831,0.793534077,0,19.32361,0.952223937,-0.305400677,1,0,0.995561965,0.094108313,1,0,0.943664676,0.330903279
32,0,-17.51649546,0.284024536,0.796318055,0,19.32361,0.953630338,-0.300980362,1,0,0.995561965,0.094108313,1,0,0.943664676,0.330903279
33,0,-17.24552919,0.279765486,0.799138762,0,19.32361,0.955043081,-0.296467054,1,0,0.995561965,0.094108313,1,0,0.943664676,0.330903279
34,0,-16.9694527,0.275419679,0.801994284,0,19.32361,0.956460498,-0.291861808,1,0,0.995561965,0.094108313,1,0,0.943664676,0.330903279
35,0,-16.68834779,0.270988148,0.804882683,0,19.32361,0.957880915,-0.287165722,1,0,0.995561965,0.094108313,1,0,0.943664676,0.330903279
36,0,-16.40229777,0.266471964,0.807802005,0,19.32361,0.959302651,-0.282379929,1,0,0.995561965,0.094108313,1,0,0.943664676,0.330903279
37,0,-16.11138739,0.261872232,0.810750279,0,19.32361,0.96072402,-0.2775056,1,0,0.995561965,0.094108313,1,0,0.943664676,0.330903279
38,0,-15.81570286,0.257190097,0.813725519,0,19.32361,0.962143334,-0.272543949,1,0,0.995561965,0.094108313,1,0,0.943664676,0.330903279
39,0,-15.5153318,0.252426738,0.816725726,0,19.32361,0.963558908,-0.267496225,1,0,0.995561965,0.094108313,1,0,0.943664676,0.330903279
40,0,-15.21036321,0.247583374,0.819748889,0,19.32361,0.964969056,-0.262363719,1,0,0.995561965,0.094108313,1,0,0.943664676,0.330903279
41,0,-14.90088746,0.242661259,0.822792991,0,19.32361,0.966372096,-0.257147761,1,0,0.995561965,0.094108313,1,0,0.943664676,0.330903279
42,0,-14.58699625,0.237661686,0.825856002,0,19.32361,0.967766355,-0.251849722,1,0,0.995561965,0.094108313,1,0,0.943664676,0.330903279
43,0,-14.2687826,0.232585987,0.828935892,0,19.32361,0.969150164,-0.246471011,1,0,0.995561965,0.094108313,1,0,0.943664676,0.330903279
44,0,-13.94634081,0.227435529,0.832030623,0,19.32361,0.970521868,-0.241013079,1,0,0.995561965,0.094108313,1,0,0.943664676,0.330903279
45,0,-13.61976641,0.222211718,0.835138158,0,19.32361,0.971879821,-0.235477415,1,0,0.995561965,0.094108313,1,0,0.943664676,0.330903279
46,0,-13.28915619,0.216915999,0.838256459,0,19.32361,0.973222395,-0.229865549,1,0,0.995561965,0.094108313,1,0,0.943664676,0.330903279
47,0,-12.95460809,0.211549851,0.841383491,0,19.32361,0.974547974,-0.224179051,1,0,0.995561965,0.094108313,1,0,0.943664676,0.330903279
48,0,-12.61622127,0.206114794,0.844517222,0,19.32361,0.975854963,-0.218419529,1,0,0.995561965,0.094108313,1,0,0.943664676,0.330903279
49,0,-12.27409599,0.200612383,0.847655626,0,19.32361,0.977141788,-0.212588632,1,0,0.995561965,0.094108313,1,0,0.943664676,0.330903279
50,0,-11.92833363,0.19504421,0.850796687,0,19.32361,0.978406894,-0.206688048,1,0,0.995561965,0.094108313,1,0,0.943664676,0.330903279
51,0,-11.57903665,0.189411903,0.853938397,0,19.32361,0.979648754,-0.200719501,1,0,0.995561965,0.094108313,1,0,0.943664676,0.330903279
52,0,-11.22630855,0.183717128,0.857078761,0,19.32361,0.980865865,-0.194684757,1,0,0.995561965,0.094108313,1,0,0.943664676,0.330903279
53,0,-10.87025385,0.177961584,0.860215798,0,19.32361,0.982056753,-0.188585616,1,0,0.995561965,0.094108313,1,0,0.943664676,0.330903279
54,0,-10.51097806,0.172147007,0.863347542,0,19.32361,0.983219973,-0.182423917,1,0,0.995561965,0.094108313,1,0,0.943664676,0.330903279
55,0,-10.14858765,0.166275165,0.866472046,0,19.32361,0.984354112,-0.176201536,1,0,0.995561965,0.094108313,1,0,0.943664676,0.330903279
56,0,-9.783189981,0.160347863,0.869587383,0,19.32361,0.985457794,-0.169920383,1,0,0.995561965,0.094108313,1,0,0.943664676,0.330903279
57,0,-9.414893347,0.154366936,0.872691647,0,19.32361,0.986529674,-0.163582404,1,0,0.995561965,0.094108313,1,0,0.943664676,0.330903279
58,0,-9.043806876,0.148334254,0.875782956,0,19.32361,0.987568446,-0.15718958,1,0,0.995561965,0.094108313,1,0,0.943664676,0.330903279
59,0,-8.670040531,0.142251717,0.878859454,0,19.32361,0.988572845,-0.150743925,1,0,0.995561965,0.094108313,1,0,0.943664676,0.330903279
60,0,-8.293705065,0.136121255,0.881919311,0,19.32361,0.989541643,-0.144247484,1,0,0.995561965,0.094108313,1,0,0.943664676,0.330903279
61,0,-7.914911995,0.129944829,0.884960728,0,19.32361,0.990473658,-0.137702335,1,0,0.995561965,0.094108313,1,0,0.943664676,0.330903279
62,0,-7.533773567,0.123724429,0.887981937,0,19.32361,0.991367749,-0.131110587,1,0,0.995561965,0.094108313,1,0,0.943664676,0.330903279
63,0,-7.150402718,0.117462072,0.890981202,0,19.32361,0.992222823,-0.124474377,1,0,0.995561965,0.094108313,1,0,0.943664676,0.330903279
64,0,-6.764913051,0.111159803,0.893956823,0,19.32361,0.99303783,-0.117795871,1,0,0.995561965,0.094108313,1,0,0.943664676,0.330903279
65,0,-6.377418794,0.10481969,0.896907134,0,19.32361,0.993811774,-0.111077263,1,0,0.995561965,0.094108313,1,0,0.943664676,0.330903279
66,0,-5.98803477,0.098443828,0.899830509,0,19.32361,0.994543703,-0.104320772,1,0,0.995561965,0.094108313,1,0,0.943664676,0.330903279
67,0,-5.596876363,0.092034334,0.902725361,0,19.32361,0.995232719,-0.097528642,1,0,0.995561965,0.094108313,1,0,0.943664676,0.330903279
68,0,-5.20405948,0.085593349,0.905590146,0,19.32361,0.995877975,-0.09070314,1,0,0.995561965,0.094108313,1,0,0.943664676,0.330903279
69,0,-4.809700522,0.079123032,0.908423359,0,19.32361,0.996478678,-0.083846554,1,0,0.995561965,0.094108313,1,0,0.943664676,0.330903279
70,0,-4.413916346,0.072625562,0.911223542,0,19.32361,0.997034089,-0.076961196,1,0,0.995561965,0.094108313,1,0,0.943664676,0.330903279
71,0,-4.016824231,0.066103138,0.913989283,0,19.32361,0.997543524,-0.070049394,1,0,0.995561965,0.094108313,1,0,0.943664676,0.330903279
72,0,-3.618541845,0.059557975,0.916719214,0,19.32361,0.998006356,-0.063113494,1,0,0.995561965,0.094108313,1,0,0.943664676,0.330903279
73,0,-3.219187206,0.052992301,0.91941202,0,19.32361,0.998422015,-0.05615586,1,0,0.995561965,0.094108313,1,0,0.943664676,0.330903279
74,0,-2.818878653,0.046408361,0.922066431,0,19.32361,0.998789987,-0.049178868,1,0,0.995561965,0.094108313,1,0,0.943664676,0.330903279
75,0,-2.417734805,0.03980841,0.92468123,0,19.32361,0.99910982,-0.042184911,1,0,0.995561965,0.094108313,1,0,0.943664676,0.330903279
76,0,-2.01587453,0.033194716,0.927255252,0,19.32361,0.999381119,-0.035176389,1,0,0.995561965,0.094108313,1,0,0.943664676,0.330903279
77,0,-1.613416909,0.026569554,0.929787383,0,19.32361,0.999603549,-0.028155716,1,0,0.995561965,0.094108313,1,0,0.943664676,0.330903279
78,0,-1.210481196,0.01993521,0.932276566,0,19.32361,0.999776836,-0.021125311,1,0,0.995561965,0.094108313,1,0,0.943664676,0.330903279
79,0,-0.807186793,0.013293972,0.934721796,0,19.32361,0.999900765,-0.014087601,1,0,0.995561965,0.094108313,1,0,0.943664676,0.330903279
80,0,-0.403653202,0.006648136,0.937122124,0,19.32361,0.999975184,-0.007045019,1,0,0.995561965,0.094108313,1,0,0.943664676,0.330903279
81,0,-5.74359E-15,1.52124E-16,0.939476658,0,19.32361,1,-1.00245E-16,1,0,0.995561965,0.094108313,1,0,0.943664676,0.330903279
82,0,0.403653202,-0.006648136,0.941784564,0,19.32361,0.999975184,0.007045019,1,0,0.995561965,0.094108313,1,0,0.943664676,0.330903279
83,0,0.807186793,-0.013293972,0.944045063,0,19.32361,0.999900765,0.014087601,1,0,0.995561965,0.094108313,1,0,0.943664676,0.330903279
84,0,1.210481196,-0.01993521,0.946257435,0,19.32361,0.999776836,0.021125311,1,0,0.995561965,0.094108313,1,0,0.943664676,0.330903279
85,0,1.613416909,-0.026569554,0.948421021,0,19.32361,0.999603549,0.028155716,1,0,0.995561965,0.094108313,1,0,0.943664676,0.330903279
86,0,2.01587453,-0.033194716,0.950535217,0,19.32361,0.999381119,0.035176389,1,0,0.995561965,0.094108313,1,0,0.943664676,0.330903279
87,0,2.417734805,-0.03980841,0.952599481,0,19.32361,0.99910982,0.042184911,1,0,0.995561965,0.094108313,1,0,0.943664676,0.330903279
88,0,2.818878653,-0.046408361,0.954613329,0,19.32361,0.998789987,0.049178868,1,0,0.995561965,0.094108313,1,0,0.943664676,0.330903279
89,0,3.219187206,-0.052992301,0.956576336,0,19.32361,0.998422015,0.05615586,1,0,0.995561965,0.094108313,1,0,0.943664676,0.330903279
90,0,3.618541845,-0.059557975,0.958488139,0,19.32361,0.998006356,0.063113494,1,0,0.995561965,0.094108313,1,0,0.943664676,0.330903279
91,0,4.016824231,-0.066103138,0.960348431,0,19.32361,0.997543524,0.070049394,1,0,0.995561965,0.094108313,1,0,0.943664676,0.330903279
92,0,4.413916346,-0.072625562,0.962156966,0,19.32361,0.997034089,0.076961196,1,0,0.995561965,0.094108313,1,0,0.943664676,0.330903279
93,0,4.809700522,-0.079123032,0.963913558,0,19.32361,0.996478678,0.083846554,1,0,0.995561965,0.094108313,1,0,0.943664676,0.330903279
94,0,5.20405948,-0.085593349,0.965618078,0,19.32361,0.995877975,0.09070314,1,0,0.995561965,0.094108313,1,0,0.943664676,0.330903279
95,0,5.596876363,-0.092034334,0.967270456,0,19.32361,0.995232719,0.097528642,1,0,0.995561965,0.094108313,1,0,0.943664676,0.330903279
96,0,5.98803477,-0.098443828,0.96887068,0,19.32361,0.994543703,0.104320772,1,0,0.995561965,0.094108313,1,0,0.943664676,0.330903279
97,0,6.377418794,-0.10481969,0.970418795,0,19.32361,0.993811774,0.111077263,1,0,0.995561965,0.094108313,1,0,0.943664676,0.330903279
98,0,6.764913051,-0.111159803,0.971914903,0,19.32361,0.99303783,0.117795871,1,0,0.995561965,0.094108313,1,0,0.943664676,0.330903279
99,0,7.150402718,-0.117462072,0.973359161,0,19.32361,0.992222823,0.124474377,1,0,0.995561965,0.094108313,1,0,0.943664676,0.330903279
100,0,7.533773567,-0.123724429,0.974751783,0,19.32361,0.991367749,0.131110587,1,0,0.995561965,0.094108313,1,0,0.943664676,0.330903279
101,0,7.914911995,-0.129944829,0.976093036,0,19.32361,0.990473658,0.137702335,1,0,0.995561965,0.094108313,1,0,0.943664676,0.330903279
102,0,8.293705065,-0.136121255,0.977383242,0,19.32361,0.989541643,0.144247484,1,0,0.995561965,0.094108313,1,0,0.943664676,0.330903279
103,0,8.670040531,-0.142251717,0.978622772,0,19.32361,0.988572845,0.150743925,1,0,0.995561965,0.094108313,1,0,0.943664676,0.330903279
104,0,9.043806876,-0.148334254,0.979812051,0,19.32361,0.987568446,0.15718958,1,0,0.995561965,0.094108313,1,0,0.943664676,0.330903279
105,0,9.414893347,-0.154366936,0.980951555,0,19.32361,0.986529674,0.163582404,1,0,0.995561965,0.094108313,1,0,0.943664676,0.330903279
106,0,9.783189981,-0.160347863,0.982041807,0,19.32361,0.985457794,0.169920383,1,0,0.995561965,0.094108313,1,0,0.943664676,0.330903279
107,0,10.14858765,-0.166275165,0.983083378,0,19.32361,0.984354112,0.176201536,1,0,0.995561965,0.094108313,1,0,0.943664676,0.330903279
108,0,10.51097806,-0.172147007,0.984076887,0,19.32361,0.983219973,0.182423917,1,0,0.995561965,0.094108313,1,0,0.943664676,0.330903279
109,0,10.87025385,-0.177961584,0.985022995,0,19.32361,0.982056753,0.188585616,1,0,0.995561965,0.094108313,1,0,0.943664676,0.330903279
110,0,11.22630855,-0.183717128,0.98592241,0,19.32361,0.980865865,0.194684757,1,0,0.995561965,0.094108313,1,0,0.943664676,0.330903279
111,0,11.57903665,-0.189411903,0.986775879,0,19.32361,0.979648754,0.200719501,1,0,0.995561965,0.094108313,1,0,0.943664676,0.330903279
112,0,11.92833363,-0.19504421,0.987584192,0,19.32361,0.978406894,0.206688048,1,0,0.995561965,0.094108313,1,0,0.943664676,0.330903279
113,0,12.27409599,-0.200612383,0.988348177,0,19.32361,0.977141788,0.212588632,1,0,0.995561965,0.094108313,1,0,0.943664676,0.330903279
114,0,12.61622127,-0.206114794,0.989068698,0,19.32361,0.975854963,0.218419529,1,0,0.995561965,0.094108313,1,0,0.943664676,0.330903279
115,0,12.95460809,-0.211549851,0.989746657,0,19.32361,0.974547974,0.224179051,1,0,0.995561965,0.094108313,1,0,0.943664676,0.330903279
116,0,13.28915619,-0.216915999,0.990382987,0,19.32361,0.973222395,0.229865549,1,0,0.995561965,0.094108313,1,0,0.943664676,0.330903279
117,0,13.61976641,-0.222211718,0.990978656,0,19.32361,0.971879821,0.235477415,1,0,0.995561965,0.094108313,1,0,0.943664676,0.330903279
118,0,13.94634081,-0.227435529,0.991534659,0,19.32361,0.970521868,0.241013079,1,0,0.995561965,0.094108313,1,0,0.943664676,0.330903279
119,0,14.2687826,-0.232585987,0.992052023,0,19.32361,0.969150164,0.246471011,1,0,0.995561965,0.094108313,1,0,0.943664676,0.330903279
120,0,14.58699625,-0.237661686,0.9925318,0,19.32361,0.967766355,0.251849722,1,0,0.995561965,0.094108313,1,0,0.943664676,0.330903279
121,0,14.90088746,-0.242661259,0.992975065,0,19.32361,0.966372096,0.257147761,1,0,0.995561965,0.094108313,1,0,0.943664676,0.330903279
122,0,15.21036321,-0.247583374,0.993382919,0,19.32361,0.964969056,0.262363719,1,0,0.995561965,0.094108313,1,0,0.943664676,0.330903279
123,0,15.5153318,-0.252426738,0.993756481,0,19.32361,0.963558908,0.267496225,1,0,0.995561965,0.094108313,1,0,0.943664676,0.330903279
124,0,15.81570286,-0.257190097,0.994096891,0,19.32361,0.962143334,0.272543949,1,0,0.995561965,0.094108313,1,0,0.943664676,0.330903279
125,0,16.11138739,-0.261872232,0.994405305,0,19.32361,0.96072402,0.2775056,1,0,0.995561965,0.094108313,1,0,0.943664676,0.330903279
126,0,16.40229777,-0.266471964,0.994682893,0,19.32361,0.959302651,0.282379929,1,0,0.995561965,0.094108313,1,0,0.943664676,0.330903279
127,0,16.68834779,-0.270988148,0.994930841,0,19.32361,0.957880915,0.287165722,1,0,0.995561965,0.094108313,1,0,0.943664676,0.330903279
128,0,16.9694527,-0.275419679,0.995150342,0,19.32361,0.956460498,0.291861808,1,0,0.995561965,0.094108313,1,0,0.943664676,0.330903279
129,0,17.24552919,-0.279765486,0.995342602,0,19.32361,0.955043081,0.296467054,1,0,0.995561965,0.094108313,1,0,0.943664676,0.330903279
130,0,17.51649546,-0.284024536,0.995508832,0,19.32361,0.953630338,0.300980362,1,0,0.995561965,0.094108313,1,0,0.943664676,0.330903279
131,0,17.78227121,-0.288195831,0.995650248,0,19.32361,0.952223937,0.305400677,1,0,0.995561965,0.094108313,1,0,0.943664676,0.330903279
132,0,18.04277769,-0.292278408,0.995768069,0,19.32361,0.950825536,0.309726978,1,0,0.995561965,0.094108313,1,0,0.943664676,0.330903279
133,0,18.29793771,-0.296271341,0.995863517,0,19.32361,0.949436779,0.313958282,1,0,0.995561965,0.094108313,1,0,0.943664676,0.330903279
134,0,18.54767565,-0.300173735,0.995937812,0,19.32361,0.948059299,0.318093644,1,0,0.995561965,0.094108313,1,0,0.943664676,0.330903279
135,0,18.79191752,-0.303984733,0.995992169,0,19.32361,0.946694711,0.322132152,1,0,0.995561965,0.094108313,1,0,0.943664676,0.330903279
136,0,19.03059093,-0.307703508,0.996027803,0,19.32361,0.945344616,0.326072932,1,0,0.995561965,0.094108313,1,0,0.943664676,0.330903279
137,0,19.26362517,-0.311329268,0.996045919,0,19.32361,0.944010592,0.329915144,1,0,0.995561965,0.094108313,1,0,0.943664676,0.330903279
138,0,19.49095119,-0.314861252,0.996047715,0,19.32361,0.942694198,0.333657982,1,0,0.995561965,0.094108313,1,0,0.943664676,0.330903279
139,0,19.71250161,-0.318298731,0.996034379,0,19.32361,0.94139697,0.337300674,1,0,0.995561965,0.094108313,1,0,0.943664676,0.330903279
140,0,19.9282108,-0.321641008,0.996007085,0,19.32361,0.94012042,0.34084248,1,0,0.995561965,0.094108313,1,0,0.943664676,0.330903279
141,0,20.13801482,-0.324887416,0.995966995,0,19.32361,0.938866033,0.344282693,1,0,0.995561965,0.094108313,1,0,0.943664676,0.330903279
142,0,20.34185152,-0.328037316,0.995915255,0,19.32361,0.937635266,0.347620637,1,0,0.995561965,0.094108313,1,0,0.943664676,0.330903279
143,0,20.53966049,-0.3310901,0.995852994,0,19.32361,0.936429549,0.350855667,1,0,0.995561965,0.094108313,1,0,0.943664676,0.330903279
144,0,20.73138311,-0.334045187,0.995781322,0,19.32361,0.935250279,0.35398717,1,0,0.995561965,0.094108313,1,0,0.943664676,0.330903279
145,0,20.91696257,-0.336902027,0.995701326,0,19.32361,0.93409882,0.357014558,1,0,0.995561965,0.094108313,1,0,0.943664676,0.330903279
146,0,21.09634389,-0.339660091,0.995614073,0,19.32361,0.932976505,0.359937275,1,0,0.995561965,0.094108313,1,0,0.943664676,0.330903279
147,0,21.26947391,-0.342318883,0.995520607,0,19.32361,0.931884629,0.362754792,1,0,0.995561965,0.094108313,1,0,0.943664676,0.330903279
148,0,21.43630132,-0.344877927,0.995421944,0,19.32361,0.930824451,0.365466607,1,0,0.995561965,0.094108313,1,0,0.943664676,0.330903279
149,0,21.5967767,-0.347336776,0.995319074,0,19.32361,0.929797194,0.368072245,1,0,0.995561965,0.094108313,1,0,0.943664676,0.330903279
150,0,21.75085248,-0.349695005,0.995212959,0,19.32361,0.928804039,0.370571257,1,0,0.995561965,0.094108313,1,0,0.943664676,0.330903279
151,0,21.89848302,-0.351952213,0.995104532,0,19.32361,0.927846129,0.372963217,1,0,0.995561965,0.094108313,1,0,0.943664676,0.330903279
152,0,22.03962456,-0.354108022,0.994994693,0,19.32361,0.926924563,0.375247725,1,0,0.995561965,0.094108313,1,0,0.943664676,0.330903279
153,0,22.17423529,-0.356162078,0.994884312,0,19.32361,0.926040398,0.377424404,1,0,0.995561965,0.094108313,1,0,0.943664676,0.330903279
154,0,22.30227531,-0.358114045,0.994774222,0,19.32361,0.925194649,0.379492901,1,0,0.995561965,0.094108313,1,0,0.943664676,0.330903279
155,0,22.42370668,-0.359963612,0.994665225,0,19.32361,0.924388283,0.381452884,1,0,0.995561965,0.094108313,1,0,0.943664676,0.330903279
156,0,22.53849343,-0.361710485,0.994558084,0,19.32361,0.923622223,0.383304043,1,0,0.995561965,0.094108313,1,0,0.943664676,0.330903279
157,0,22.64660154,-0.363354392,0.994453527,0,19.32361,0.922897345,0.385046089,1,0,0.995561965,0.094108313,1,0,0.943664676,0.330903279
158,0,22.74799897,-0.364895081,0.994352243,0,19.32361,0.922214477,0.386678754,1,0,0.995561965,0.094108313,1,0,0.943664676,0.330903279
159,0,22.84265567,-0.366332316,0.994254881,0,19.32361,0.921574398,0.388201789,1,0,0.995561965,0.094108313,1,0,0.943664676,0.330903279
160,0,22.93054361,-0.367665881,0.994162052,0,19.32361,0.920977838,0.389614966,1,0,0.995561965,0.094108313,1,0,0.943664676,0.330903279
161,0,23.01163673,-0.368895578,0.994074324,0,19.32361,0.920425477,0.390918074,1,0,0.995561965,0.094108313,1,0,0.943664676,0.330903279
162,0,23.085911,-0.370021225,0.993992226,0,19.32361,0.919917945,0.392110921,1,0,0.995561965,0.094108313,1,0,0.943664676,0.330903279
163,0,23.15334442,-0.371042659,0.993916243,0,19.32361,0.919455819,0.393193333,1,0,0.995561965,0.094108313,1,0,0.943664676,0.330903279
164,0,23.21391701,-0.371959732,0.993846817,0,19.32361,0.919039625,0.394165154,1,0,0.995561965,0.094108313,1,0,0.943664676,0.330903279
165,0,23.26761081,-0.372772312,0.993784347,0,19.32361,0.918669836,0.395026243,1,0,0.995561965,0.094108313,1,0,0.943664676,0.330903279
166,0,23.31440992,-0.373480283,0.993729186,0,19.32361,0.918346872,0.39577648,1,0,0.995561965,0.094108313,1,0,0.943664676,0.330903279
167,0,23.35430046,-0.374083546,0.993681645,0,19.32361,0.918071102,0.396415756,1,0,0.995561965,0.094108313,1,0,0.943664676,0.330903279
168,0,23.38727062,-0.374582016,0.993641987,0,19.32361,0.917842837,0.396943984,1,0,0.995561965,0.094108313,1,0,0.943664676,0.330903279
169,0,23.41331063,-0.374975622,0.993610433,0,19.32361,0.917662338,0.397361087,1,0,0.995561965,0.094108313,1,0,0.943664676,0.330903279
170,0,23.43241276,-0.37526431,0.993587156,0,19.32361,0.917529809,0.39766701,1,0,0.995561965,0.094108313,1,0,0.943664676,0.330903279
171,0,23.44457137,-0.375448039,0.993572282,0,19.32361,0.9174454,0.397861707,1,0,0.995561965,0.094108313,1,0,0.943664676,0.330903279
172,0,23.44978285,-0.375526785,0.993565893,0,19.32361,0.917409208,0.397945154,1,0,0.995561965,0.094108313,1,0,0.943664676,0.330903279
173,0,23.44804565,-0.375500536,0.993568024,0,19.32361,0.917421273,0.397917338,1,0,0.995561965,0.094108313,1,0,0.943664676,0.330903279
174,0,23.43936028,-0.375369296,0.993578662,0,19.32361,0.917481582,0.397778264,1,0,0.995561965,0.094108313,1,0,0.943664676,0.330903279
175,0,23.42372933,-0.375133083,0.993597751,0,19.32361,0.917590066,0.397527949,1,0,0.995561965,0.094108313,1,0,0.943664676,0.330903279
176,0,23.40115742,-0.37479193,0.993625186,0,19.32361,0.917746603,0.39716643,1,0,0.995561965,0.094108313,1,0,0.943664676,0.330903279
177,0,23.37165125,-0.374345885,0.993660816,0,19.32361,0.917951014,0.396693756,1,0,0.995561965,0.094108313,1,0,0.943664676,0.330903279
178,0,23.33521955,-0.373795009,0.993704445,0,19.32361,0.918203067,0.396109994,1,0,0.995561965,0.094108313,1,0,0.943664676,0.330903279
179,0,23.29187312,-0.37313938,0.993755832,0,19.32361,0.918502477,0.395415225,1,0,0.995561965,0.094108313,1,0,0.943664676,0.330903279
180,0,23.2416248,-0.372379091,0.993814689,0,19.32361,0.918848902,0.394609548,1,0,0.995561965,0.094108313,1,0,0.943664676,0.330903279
181,0,23.18448949,-0.371514249,0.993880685,0,19.32361,0.919241949,0.393693077,1,0,0.995561965,0.094108313,1,0,0.943664676,0.330903279
182,0,23.12048412,-0.370544979,0.993953442,0,19.32361,0.919681172,0.392665942,1,0,0.995561965,0.094108313,1,0,0.943664676,0.330903279
183,0,23.04962764,-0.369471418,0.99403254,0,19.32361,0.92016607,0.391528292,1,0,0.995561965,0.094108313,1,0,0.943664676,0.330903279
184,0,22.97194107,-0.368293725,0.994117516,0,19.32361,0.920696092,0.390280291,1,0,0.995561965,0.094108313,1,0,0.943664676,0.330903279
185,0,22.88744741,-0.36701207,0.994207863,0,19.32361,0.921270634,0.388922124,1,0,0.995561965,0.094108313,1,0,0.943664676,0.330903279
186,0,22.79617171,-0.365626644,0.994303032,0,19.32361,0.921889042,0.38745399,1,0,0.995561965,0.094108313,1,0,0.943664676,0.330903279
187,0,22.69814101,-0.364137654,0.994402434,0,19.32361,0.92255061,0.38587611,1,0,0.995561965,0.094108313,1,0,0.943664676,0.330903279
188,0,22.59338436,-0.362545326,0.994505439,0,19.32361,0.923254583,0.384188722,1,0,0.995561965,0.094108313,1,0,0.943664676,0.330903279
189,0,22.48193281,-0.360849902,0.994611376,0,19.32361,0.924000159,0.382392085,1,0,0.995561965,0.094108313,1,0,0.943664676,0.330903279
190,0,22.36381937,-0.359051647,0.994719538,0,19.32361,0.924786484,0.380486476,1,0,0.995561965,0.094108313,1,0,0.943664676,0.330903279
191,0,22.23907905,-0.357150842,0.99482918,0,19.32361,0.92561266,0.378472196,1,0,0.995561965,0.094108313,1,0,0.943664676,0.330903279
192,0,22.10774881,-0.355147791,0.994939517,0,19.32361,0.926477741,0.376349566,1,0,0.995561965,0.094108313,1,0,0.943664676,0.330903279
193,0,21.96986757,-0.353042815,0.995049734,0,19.32361,0.927380736,0.374118926,1,0,0.995561965,0.094108313,1,0,0.943664676,0.330903279
194,0,21.82547618,-0.350836261,0.995158978,0,19.32361,0.928320609,0.371780644,1,0,0.995561965,0.094108313,1,0,0.943664676,0.330903279
195,0,21.67461744,-0.348528494,0.995266363,0,19.32361,0.929296282,0.369335107,1,0,0.995561965,0.094108313,1,0,0.943664676,0.330903279
196,0,21.51733603,-0.346119903,0.995370974,0,19.32361,0.930306633,0.366782727,1,0,0.995561965,0.094108313,1,0,0.943664676,0.330903279
197,0,21.35367858,-0.343610902,0.995471862,0,19.32361,0.9313505,0.364123943,1,0,0.995561965,0.094108313,1,0,0.943664676,0.330903279
198,0,21.18369356,-0.341001927,0.995568053,0,19.32361,0.932426682,0.361359215,1,0,0.995561965,0.094108313,1,0,0.943664676,0.330903279
199,0,21.00743137,-0.338293438,0.995658541,0,19.32361,0.933533938,0.358489034,1,0,0.995561965,0.094108313,1,0,0.943664676,0.330903279
200,0,20.82494422,-0.335485922,0.995742297,0,19.32361,0.934670989,0.355513913,1,0,0.995561965,0.094108313,1,0,0.943664676,0.330903279
201,0,20.63628618,-0.332579891,0.995818266,0,19.32361,0.935836522,0.352434397,1,0,0.995561965,0.094108313,1,0,0.943664676,0.330903279
202,0,20.44151317,-0.329575884,0.99588537,0,19.32361,0.937029189,0.349251056,1,0,0.995561965,0.094108313,1,0,0.943664676,0.330903279
203,0,20.2406829,-0.326474468,0.995942511,0,19.32361,0.938247607,0.345964489,1,0,0.995561965,0.094108313,1,0,0.943664676,0.330903279
204,0,20.03385488,-0.323276236,0.995988567,0,19.32361,0.939490364,0.342575328,1,0,0.995561965,0.094108313,1,0,0.943664676,0.330903279
205,0,19.82109039,-0.319981812,0.996022403,0,19.32361,0.940756017,0.339084233,1,0,0.995561965,0.094108313,1,0,0.943664676,0.330903279
206,0,19.60245249,-0.316591849,0.996042865,0,19.32361,0.942043093,0.335491893,1,0,0.995561965,0.094108313,1,0,0.943664676,0.330903279
207,0,19.37800596,-0.313107028,0.996048783,0,19.32361,0.943350095,0.331799034,1,0,0.995561965,0.094108313,1,0,0.943664676,0.330903279
208,0,19.14781731,-0.309528063,0.996038976,0,19.32361,0.944675497,0.32800641,1,0,0.995561965,0.094108313,1,0,0.943664676,0.330903279
209,0,18.91195474,-0.305855698,0.996012251,0,19.32361,0.946017753,0.324114811,1,0,0.995561965,0.094108313,1,0,0.943664676,0.330903279
210,0,18.67048816,-0.302090711,0.995967407,0,19.32361,0.947375293,0.32012506,1,0,0.995561965,0.094108313,1,0,0.943664676,0.330903279
211,0,18.4234891,-0.29823391,0.995903233,0,19.32361,0.948746528,0.316038014,1,0,0.995561965,0.094108313,1,0,0.943664676,0.330903279
212,0,18.17103077,-0.294286137,0.995818514,0,19.32361,0.950129849,0.311854565,1,0,0.995561965,0.094108313,1,0,0.943664676,0.330903279
213,0,17.91318797,-0.290248268,0.995712032,0,19.32361,0.951523633,0.307575641,1,0,0.995561965,0.094108313,1,0,0.943664676,0.330903279
214,0,17.65003711,-0.286121214,0.995582566,0,19.32361,0.952926241,0.303202208,1,0,0.995561965,0.094108313,1,0,0.943664676,0.330903279
215,0,17.38165615,-0.281905919,0.995428895,0,19.32361,0.954336021,0.298735267,1,0,0.995561965,0.094108313,1,0,0.943664676,0.330903279
216,0,17.10812464,-0.277603363,0.995249802,0,19.32361,0.95575131,0.294175855,1,0,0.995561965,0.094108313,1,0,0.943664676,0.330903279
217,0,16.82952363,-0.273214563,0.995044072,0,19.32361,0.957170437,0.28952505,1,0,0.995561965,0.094108313,1,0,0.943664676,0.330903279
218,0,16.54593566,-0.268740569,0.994810497,0,19.32361,0.958591724,0.284783966,1,0,0.995561965,0.094108313,1,0,0.943664676,0.330903279
219,0,16.25744477,-0.264182471,0.994547878,0,19.32361,0.960013486,0.279953756,1,0,0.995561965,0.094108313,1,0,0.943664676,0.330903279
220,0,15.96413645,-0.259541392,0.994255024,0,19.32361,0.961434039,0.275035613,1,0,0.995561965,0.094108313,1,0,0.943664676,0.330903279
221,0,15.66609762,-0.254818495,0.993930758,0,19.32361,0.962851694,0.270030766,1,0,0.995561965,0.094108313,1,0,0.943664676,0.330903279
222,0,15.36341658,-0.250014979,0.993573916,0,19.32361,0.964264766,0.264940487,1,0,0.995561965,0.094108313,1,0,0.943664676,0.330903279
223,0,15.05618303,-0.24513208,0.993183349,0,19.32361,0.965671569,0.259766087,1,0,0.995561965,0.094108313,1,0,0.943664676,0.330903279
224,0,14.744488,-0.240171073,0.992757928,0,19.32361,0.967070428,0.254508915,1,0,0.995561965,0.094108313,1,0,0.943664676,0.330903279
225,0,14.42842387,-0.235133268,0.992296543,0,19.32361,0.968459669,0.249170361,1,0,0.995561965,0.094108313,1,0,0.943664676,0.330903279
226,0,14.10808428,-0.230020016,0.991798106,0,19.32361,0.969837632,0.243751856,1,0,0.995561965,0.094108313,1,0,0.943664676,0.330903279
227,0,13.78356417,-0.224832703,0.991261552,0,19.32361,0.971202666,0.238254869,1,0,0.995561965,0.094108313,1,0,0.943664676,0.330903279
228,0,13.45495968,-0.219572755,0.990685842,0,19.32361,0.972553132,0.23268091,1,0,0.995561965,0.094108313,1,0,0.943664676,0.330903279
229,0,13.1223682,-0.214241634,0.990069966,0,19.32361,0.973887409,0.227031529,1,0,0.995561965,0.094108313,1,0,0.943664676,0.330903279
230,0,12.78588828,-0.20884084,0.98941294,0,19.32361,0.975203891,0.221308316,1,0,0.995561965,0.094108313,1,0,0.943664676,0.330903279
231,0,12.44561963,-0.203371909,0.988713815,0,19.32361,0.976500994,0.215512898,1,0,0.995561965,0.094108313,1,0,0.943664676,0.330903279
232,0,12.10166307,-0.197836415,0.987971673,0,19.32361,0.977777152,0.209646944,1,0,0.995561965,0.094108313,1,0,0.943664676,0.330903279
233,0,11.75412053,-0.19223597,0.987185629,0,19.32361,0.979030825,0.20371216,1,0,0.995561965,0.094108313,1,0,0.943664676,0.330903279
234,0,11.40309498,-0.186572219,0.986354839,0,19.32361,0.980260496,0.197710292,1,0,0.995561965,0.094108313,1,0,0.943664676,0.330903279
235,0,11.04869045,-0.180846844,0.985478493,0,19.32361,0.981464678,0.191643122,1,0,0.995561965,0.094108313,1,0,0.943664676,0.330903279
236,0,10.69101196,-0.175061565,0.984555823,0,19.32361,0.98264191,0.18551247,1,0,0.995561965,0.094108313,1,0,0.943664676,0.330903279
237,0,10.33016549,-0.169218132,0.9835861,0,19.32361,0.983790765,0.179320193,1,0,0.995561965,0.094108313,1,0,0.943664676,0.330903279
238,0,9.966257972,-0.163318333,0.98256864,0,19.32361,0.984909845,0.173068185,1,0,0.995561965,0.094108313,1,0,0.943664676,0.330903279
239,0,9.599397234,-0.157363987,0.981502803,0,19.32361,0.985997791,0.166758374,1,0,0.995561965,0.094108313,1,0,0.943664676,0.330903279
240,0,9.229691988,-0.151356947,0.980387994,0,19.32361,0.987053278,0.160392723,1,0,0.995561965,0.094108313,1,0,0.943664676,0.330903279
241,0,8.857251784,-0.145299097,0.979223664,0,19.32361,0.98807502,0.153973229,1,0,0.995561965,0.094108313,1,0,0.943664676,0.330903279
242,0,8.482186986,-0.139192354,0.978009316,0,19.32361,0.989061769,0.147501923,1,0,0.995561965,0.094108313,1,0,0.943664676,0.330903279
243,0,8.104608732,-0.133038664,0.976744498,0,19.32361,0.990012321,0.140980867,1,0,0.995561965,0.094108313,1,0,0.943664676,0.330903279
244,0,7.724628908,-0.12684,0.975428812,0,19.32361,0.990925513,0.134412153,1,0,0.995561965,0.094108313,1,0,0.943664676,0.330903279
245,0,7.34236011,-0.120598368,0.974061911,0,19.32361,0.99180023,0.127797905,1,0,0.995561965,0.094108313,1,0,0.943664676,0.330903279
246,0,6.957915612,-0.114315798,0.972643501,0,19.32361,0.992635398,0.121140274,1,0,0.995561965,0.094108313,1,0,0.943664676,0.330903279
247,0,6.571409333,-0.107994346,0.971173341,0,19.32361,0.993429996,0.114441442,1,0,0.995561965,0.094108313,1,0,0.943664676,0.330903279
248,0,6.182955804,-0.101636096,0.969651246,0,19.32361,0.994183047,0.107703614,1,0,0.995561965,0.094108313,1,0,0.943664676,0.330903279
249,0,5.792670132,-0.095243152,0.968077086,0,19.32361,0.994893629,0.100929021,1,0,0.995561965,0.094108313,1,0,0.943664676,0.330903279
250,0,5.400667967,-0.088817644,0.966450787,0,19.32361,0.995560867,0.09411992,1,0,0.995561965,0.094108313,1,0,0.943664676,0.330903279
251,0,5.007065467,-0.082361721,0.964772333,0,19.32361,0.996183943,0.087278588,1,0,0.995561965,0.094108313,1,0,0.943664676,0.330903279
252,0,4.611979266,-0.075877554,0.963041765,0,19.32361,0.996762089,0.080407327,1,0,0.995561965,0.094108313,1,0,0.943664676,0.330903279
253,0,4.215526435,-0.069367332,0.961259181,0,19.32361,0.997294594,0.073508454,1,0,0.995561965,0.094108313,1,0,0.943664676,0.330903279
254,0,3.817824453,-0.06283326,0.95942474,0,19.32361,0.997780803,0.066584309,1,0,0.995561965,0.094108313,1,0,0.943664676,0.330903279
255,0,3.418991168,-0.056277562,0.957538658,0,19.32361,0.998220115,0.059637245,1,0,0.995561965,0.094108313,1,0,0.943664676,0.330903279
256,0,3.019144761,-0.049702474,0.955601212,0,19.32361,0.998611992,0.052669635,1,0,0.995561965,0.094108313,1,0,0.943664676,0.330903279
257,0,2.618403717,-0.043110245,0.953612735,0,19.32361,0.998955947,0.045683861,1,0,0.995561965,0.094108313,1,0,0.943664676,0.330903279
258,0,2.216886783,-0.036503139,0.951573622,0,19.32361,0.999251559,0.03868232,1,0,0.995561965,0.094108313,1,0,0.943664676,0.330903279
259,0,1.814712938,-0.029883426,0.949484328,0,19.32361,0.999498461,0.031667421,1,0,0.995561965,0.094108313,1,0,0.943664676,0.330903279
260,0,1.412001354,-0.023253387,0.947345366,0,19.32361,0.99969635,0.024641578,1,0,0.995561965,0.094108313,1,0,0.943664676,0.330903279
261,0,1.008871364,-0.016615309,0.945157308,0,19.32361,0.999844981,0.017607217,1,0,0.995561965,0.094108313,1,0,0.943664676,0.330903279
262,0,0.605442423,-0.009971485,0.942920785,0,19.32361,0.99994417,0.010566767,1,0,0.995561965,0.094108313,1,0,0.943664676,0.330903279
263,0,0.201834077,-0.003324212,0.94063649,0,19.32361,0.999993795,0.003522662,1,0,0.995561965,0.094108313,1,0,0.943664676,0.330903279
264,0,-0.201834077,0.003324212,0.938305169,0,19.32361,0.999993795,-0.003522662,1,0,0.995561965,0.094108313,1,0,0.943664676,0.330903279
265,0,-0.605442423,0.009971485,0.93592763,0,19.32361,0.99994417,-0.010566767,1,0,0.995561965,0.094108313,1,0,0.943664676,0.330903279
266,0,-1.008871364,0.016615309,0.933504736,0,19.32361,0.999844981,-0.017607217,1,0,0.995561965,0.094108313,1,0,0.943664676,0.330903279
267,0,-1.412001354,0.023253387,0.931037407,0,19.32361,0.99969635,-0.024641578,1,0,0.995561965,0.094108313,1,0,0.943664676,0.330903279
268,0,-1.814712938,0.029883426,0.928526621,0,19.32361,0.999498461,-0.031667421,1,0,0.995561965,0.094108313,1,0,0.943664676,0.330903279
269,0,-2.216886783,0.036503139,0.925973409,0,19.32361,0.999251559,-0.03868232,1,0,0.995561965,0.094108313,1,0,0.943664676,0.330903279
270,0,-2.618403717,0.043110245,0.923378856,0,19.32361,0.998955947,-0.045683861,1,0,0.995561965,0.094108313,1,0,0.943664676,0.330903279
271,0,-3.019144761,0.049702474,0.920744102,0,19.32361,0.998611992,-0.052669635,1,0,0.995561965,0.094108313,1,0,0.943664676,0.330903279
272,0,-3.418991168,0.056277562,0.918070338,0,19.32361,0.998220115,-0.059637245,1,0,0.995561965,0.094108313,1,0,0.943664676,0.330903279
273,0,-3.817824453,0.06283326,0.915358808,0,19.32361,0.997780803,-0.066584309,1,0,0.995561965,0.094108313,1,0,0.943664676,0.330903279
274,0,-4.215526435,0.069367332,0.912610804,0,19.32361,0.997294594,-0.073508454,1,0,0.995561965,0.094108313,1,0,0.943664676,0.330903279
275,0,-4.611979266,0.075877554,0.909827668,0,19.32361,0.996762089,-0.080407327,1,0,0.995561965,0.094108313,1,0,0.943664676,0.330903279
276,0,-5.007065467,0.082361721,0.907010791,0,19.32361,0.996183943,-0.087278588,1,0,0.995561965,0.094108313,1,0,0.943664676,0.330903279
277,0,-5.400667967,0.088817644,0.904161607,0,19.32361,0.995560867,-0.09411992,1,0,0.995561965,0.094108313,1,0,0.943664676,0.330903279
278,0,-5.792670132,0.095243152,0.901281598,0,19.32361,0.994893629,-0.100929021,1,0,0.995561965,0.094108313,1,0,0.943664676,0.330903279
279,0,-6.182955804,0.101636096,0.898372288,0,19.32361,0.994183047,-0.107703614,1,0,0.995561965,0.094108313,1,0,0.943664676,0.330903279
280,0,-6.571409333,0.107994346,0.895435244,0,19.32361,0.993429996,-0.114441442,1,0,0.995561965,0.094108313,1,0,0.943664676,0.330903279
281,0,-6.957915612,0.114315798,0.892472073,0,19.32361,0.992635398,-0.121140274,1,0,0.995561965,0.094108313,1,0,0.943664676,0.330903279
282,0,-7.34236011,0.120598368,0.88948442,0,19.32361,0.99180023,-0.127797905,1,0,0.995561965,0.094108313,1,0,0.943664676,0.330903279
283,0,-7.724628908,0.12684,0.886473968,0,19.32361,0.990925513,-0.134412153,1,0,0.995561965,0.094108313,1,0,0.943664676,0.330903279
284,0,-8.104608732,0.133038664,0.883442436,0,19.32361,0.990012321,-0.140980867,1,0,0.995561965,0.094108313,1,0,0.943664676,0.330903279
285,0,-8.482186986,0.139192354,0.880391576,0,19.32361,0.989061769,-0.147501923,1,0,0.995561965,0.094108313,1,0,0.943664676,0.330903279
286,0,-8.857251784,0.145299097,0.877323171,0,19.32361,0.98807502,-0.153973229,1,0,0.995561965,0.094108313,1,0,0.943664676,0.330903279
287,0,-9.229691988,0.151356947,0.874239038,0,19.32361,0.987053278,-0.160392723,1,0,0.995561965,0.094108313,1,0,0.943664676,0.330903279
288,0,-9.599397234,0.157363987,0.871141018,0,19.32361,0.985997791,-0.166758374,1,0,0.995561965,0.094108313,1,0,0.943664676,0.330903279
289,0,-9.966257972,0.163318333,0.86803098,0,19.32361,0.984909845,-0.173068185,1,0,0.995561965,0.094108313,1,0,0.943664676,0.330903279
290,0,-10.33016549,0.169218132,0.86491082,0,19.32361,0.983790765,-0.179320193,1,0,0.995561965,0.094108313,1,0,0.943664676,0.330903279
291,0,-10.69101196,0.175061565,0.861782454,0,19.32361,0.98264191,-0.18551247,1,0,0.995561965,0.094108313,1,0,0.943664676,0.330903279
292,0,-11.04869045,0.180846844,0.858647819,0,19.32361,0.981464678,-0.191643122,1,0,0.995561965,0.094108313,1,0,0.943664676,0.330903279
293,0,-11.40309498,0.186572219,0.855508871,0,19.32361,0.980260496,-0.197710292,1,0,0.995561965,0.094108313,1,0,0.943664676,0.330903279
294,0,-11.75412053,0.19223597,0.852367586,0,19.32361,0.979030825,-0.20371216,1,0,0.995561965,0.094108313,1,0,0.943664676,0.330903279
295,0,-12.10166307,0.197836415,0.84922595,0,19.32361,0.977777152,-0.209646944,1,0,0.995561965,0.094108313,1,0,0.943664676,0.330903279
296,0,-12.44561963,0.203371909,0.846085966,0,19.32361,0.976500994,-0.215512898,1,0,0.995561965,0.094108313,1,0,0.943664676,0.330903279
297,0,-12.78588828,0.20884084,0.842949646,0,19.32361,0.975203891,-0.221308316,1,0,0.995561965,0.094108313,1,0,0.943664676,0.330903279
298,0,-13.1223682,0.214241634,0.839819011,0,19.32361,0.973887409,-0.227031529,1,0,0.995561965,0.094108313,1,0,0.943664676,0.330903279
299,0,-13.45495968,0.219572755,0.83669609,0,19.32361,0.972553132,-0.23268091,1,0,0.995561965,0.094108313,1,0,0.943664676,0.330903279
300,0,-13.78356417,0.224832703,0.833582918,0,19.32361,0.971202666,-0.238254869,1,0,0.995561965,0.094108313,1,0,0.943664676,0.330903279
301,0,-14.10808428,0.230020016,0.83048153,0,19.32361,0.969837632,-0.243751856,1,0,0.995561965,0.094108313,1,0,0.943664676,0.330903279
302,0,-14.42842387,0.235133268,0.827393965,0,19.32361,0.968459669,-0.249170361,1,0,0.995561965,0.094108313,1,0,0.943664676,0.330903279
303,0,-14.744488,0.240171073,0.82432226,0,19.32361,0.967070428,-0.254508915,1,0,0.995561965,0.094108313,1,0,0.943664676,0.330903279
304,0,-15.05618303,0.24513208,0.821268449,0,19.32361,0.965671569,-0.259766087,1,0,0.995561965,0.094108313,1,0,0.943664676,0.330903279
305,0,-15.36341658,0.250014979,0.818234564,0,19.32361,0.964264766,-0.264940487,1,0,0.995561965,0.094108313,1,0,0.943664676,0.330903279
306,0,-15.66609762,0.254818495,0.815222627,0,19.32361,0.962851694,-0.270030766,1,0,0.995561965,0.094108313,1,0,0.943664676,0.330903279
307,0,-15.96413645,0.259541392,0.812234652,0,19.32361,0.961434039,-0.275035613,1,0,0.995561965,0.094108313,1,0,0.943664676,0.330903279
308,0,-16.25744477,0.264182471,0.809272646,0,19.32361,0.960013486,-0.279953756,1,0,0.995561965,0.094108313,1,0,0.943664676,0.330903279
309,0,-16.54593566,0.268740569,0.806338601,0,19.32361,0.958591724,-0.284783966,1,0,0.995561965,0.094108313,1,0,0.943664676,0.330903279
310,0,-16.82952363,0.273214563,0.803434495,0,19.32361,0.957170437,-0.28952505,1,0,0.995561965,0.094108313,1,0,0.943664676,0.330903279
311,0,-17.10812464,0.277603363,0.800562292,0,19.32361,0.95575131,-0.294175855,1,0,0.995561965,0.094108313,1,0,0.943664676,0.330903279
312,0,-17.38165615,0.281905919,0.797723936,0,19.32361,0.954336021,-0.298735267,1,0,0.995561965,0.094108313,1,0,0.943664676,0.330903279
313,0,-17.65003711,0.286121214,0.794921356,0,19.32361,0.952926241,-0.303202208,1,0,0.995561965,0.094108313,1,0,0.943664676,0.330903279
314,0,-17.91318797,0.290248268,0.792156455,0,19.32361,0.951523633,-0.307575641,1,0,0.995561965,0.094108313,1,0,0.943664676,0.330903279
315,0,-18.17103077,0.294286137,0.789431118,0,19.32361,0.950129849,-0.311854565,1,0,0.995561965,0.094108313,1,0,0.943664676,0.330903279
316,0,-18.4234891,0.29823391,0.786747203,0,19.32361,0.948746528,-0.316038014,1,0,0.995561965,0.094108313,1,0,0.943664676,0.330903279
317,0,-18.67048816,0.302090711,0.784106543,0,19.32361,0.947375293,-0.32012506,1,0,0.995561965,0.094108313,1,0,0.943664676,0.330903279
318,0,-18.91195474,0.305855698,0.781510944,0,19.32361,0.946017753,-0.324114811,1,0,0.995561965,0.094108313,1,0,0.943664676,0.330903279
319,0,-19.14781731,0.309528063,0.778962183,0,19.32361,0.944675497,-0.32800641,1,0,0.995561965,0.094108313,1,0,0.943664676,0.330903279
320,0,-19.37800596,0.313107028,0.776462006,0,19.32361,0.943350095,-0.331799034,1,0,0.995561965,0.094108313,1,0,0.943664676,0.330903279
321,0,-19.60245249,0.316591849,0.77401213,0,19.32361,0.942043093,-0.335491893,1,0,0.995561965,0.094108313,1,0,0.943664676,0.330903279
322,0,-19.82109039,0.319981812,0.771614235,0,19.32361,0.940756017,-0.339084233,1,0,0.995561965,0.094108313,1,0,0.943664676,0.330903279
323,0,-20.03385488,0.323276236,0.769269969,0,19.32361,0.939490364,-0.342575328,1,0,0.995561965,0.094108313,1,0,0.943664676,0.330903279
324,0,-20.2406829,0.326474468,0.766980943,0,19.32361,0.938247607,-0.345964489,1,0,0.995561965,0.094108313,1,0,0.943664676,0.330903279
325,0,-20.44151317,0.329575884,0.764748732,0,19.32361,0.937029189,-0.349251056,1,0,0.995561965,0.094108313,1,0,0.943664676,0.330903279
326,0,-20.63628618,0.332579891,0.762574871,0,19.32361,0.935836522,-0.352434397,1,0,0.995561965,0.094108313,1,0,0.943664676,0.330903279
327,0,-20.82494422,0.335485922,0.760460858,0,19.32361,0.934670989,-0.355513913,1,0,0.995561965,0.094108313,1,0,0.943664676,0.330903279
328,0,-21.00743137,0.338293438,0.758408148,0,19.32361,0.933533938,-0.358489034,1,0,0.995561965,0.094108313,1,0,0.943664676,0.330903279
329,0,-21.18369356,0.341001927,0.756418154,0,19.32361,0.932426682,-0.361359215,1,0,0.995561965,0.094108313,1,0,0.943664676,0.330903279
330,0,-21.35367858,0.343610902,0.754492249,0,19.32361,0.9313505,-0.364123943,1,0,0.995561965,0.094108313,1,0,0.943664676,0.330903279
331,0,-21.51733603,0.346119903,0.75263176,0,19.32361,0.930306633,-0.366782727,1,0,0.995561965,0.094108313,1,0,0.943664676,0.330903279
332,0,-21.67461744,0.348528494,0.750837968,0,19.32361,0.929296282,-0.369335107,1,0,0.995561965,0.094108313,1,0,0.943664676,0.330903279
333,0,-21.82547618,0.350836261,0.74911211,0,19.32361,0.928320609,-0.371780644,1,0,0.995561965,0.094108313,1,0,0.943664676,0.330903279
334,0,-21.96986757,0.353042815,0.747455375,0,19.32361,0.927380736,-0.374118926,1,0,0.995561965,0.094108313,1,0,0.943664676,0.330903279
335,0,-22.10774881,0.355147791,0.745868907,0,19.32361,0.926477741,-0.376349566,1,0,0.995561965,0.094108313,1,0,0.943664676,0.330903279
336,0,-22.23907905,0.357150842,0.744353798,0,19.32361,0.92561266,-0.378472196,1,0,0.995561965,0.094108313,1,0,0.943664676,0.330903279
337,0,-22.36381937,0.359051647,0.742911093,0,19.32361,0.924786484,-0.380486476,1,0,0.995561965,0.094108313,1,0,0.943664676,0.330903279
338,0,-22.48193281,0.360849902,0.741541787,0,19.32361,0.924000159,-0.382392085,1,0,0.995561965,0.094108313,1,0,0.943664676,0.330903279
339,0,-22.59338436,0.362545326,0.740246823,0,19.32361,0.923254583,-0.384188722,1,0,0.995561965,0.094108313,1,0,0.943664676,0.330903279
340,0,-22.69814101,0.364137654,0.739027094,0,19.32361,0.92255061,-0.38587611,1,0,0.995561965,0.094108313,1,0,0.943664676,0.330903279
341,0,-22.79617171,0.365626644,0.737883441,0,19.32361,0.921889042,-0.38745399,1,0,0.995561965,0.094108313,1,0,0.943664676,0.330903279
342,0,-22.88744741,0.36701207,0.736816651,0,19.32361,0.921270634,-0.388922124,1,0,0.995561965,0.094108313,1,0,0.943664676,0.330903279
343,0,-22.97194107,0.368293725,0.73582746,0,19.32361,0.920696092,-0.390280291,1,0,0.995561965,0.094108313,1,0,0.943664676,0.330903279
344,0,-23.04962764,0.369471418,0.734916549,0,19.32361,0.92016607,-0.391528292,1,0,0.995561965,0.094108313,1,0,0.943664676,0.330903279
345,0,-23.12048412,0.370544979,0.734084547,0,19.32361,0.919681172,-0.392665942,1,0,0.995561965,0.094108313,1,0,0.943664676,0.330903279
346,0,-23.18448949,0.371514249,0.733332025,0,19.32361,0.919241949,-0.393693077,1,0,0.995561965,0.094108313,1,0,0.943664676,0.330903279
347,0,-23.2416248,0.372379091,0.732659503,0,19.32361,0.918848902,-0.394609548,1,0,0.995561965,0.094108313,1,0,0.943664676,0.330903279
348,0,-23.29187312,0.37313938,0.732067443,0,19.32361,0.918502477,-0.395415225,1,0,0.995561965,0.094108313,1,0,0.943664676,0.330903279
349,0,-23.33521955,0.373795009,0.731556254,0,19.32361,0.918203067,-0.396109994,1,0,0.995561965,0.094108313,1,0,0.943664676,0.330903279
350,0,-23.37165125,0.374345885,0.731126286,0,19.32361,0.917951014,-0.396693756,1,0,0.995561965,0.094108313,1,0,0.943664676,0.330903279
351,0,-23.40115742,0.37479193,0.730777838,0,19.32361,0.917746603,-0.39716643,1,0,0.995561965,0.094108313,1,0,0.943664676,0.330903279
352,0,-23.42372933,0.375133083,0.730511147,0,19.32361,0.917590066,-0.397527949,1,0,0.995561965,0.094108313,1,0,0.943664676,0.330903279
353,0,-23.43936028,0.375369296,0.730326399,0,19.32361,0.917481582,-0.397778264,1,0,0.995561965,0.094108313,1,0,0.943664676,0.330903279
354,0,-23.44804565,0.375500536,0.73022372,0,19.32361,0.917421273,-0.397917338,1,0,0.995561965,0.094108313,1,0,0.943664676,0.330903279
355,0,-23.44978285,0.375526785,0.73020318,0,19.32361,0.917409208,-0.397945154,1,0,0.995561965,0.094108313,1,0,0.943664676,0.330903279
356,0,-23.44457137,0.375448039,0.730264795,0,19.32361,0.9174454,-0.397861707,1,0,0.995561965,0.094108313,1,0,0.943664676,0.330903279
357,0,-23.43241276,0.37526431,0.730408521,0,19.32361,0.917529809,-0.39766701,1,0,0.995561965,0.094108313,1,0,0.943664676,0.330903279
358,0,-23.41331063,0.374975622,0.73063426,0,19.32361,0.917662338,-0.397361087,1,0,0.995561965,0.094108313,1,0,0.943664676,0.330903279
359,0,-23.38727062,0.374582016,0.730941856,0,19.32361,0.917842837,-0.396943984,1,0,0.995561965,0.094108313,1,0,0.943664676,0.330903279
360,0,-23.35430046,0.374083546,0.731331097,0,19.32361,0.918071102,-0.396415756,1,0,0.995561965,0.094108313,1,0,0.943664676,0.330903279
361,0,-23.31440992,0.373480283,0.731801716,0,19.32361,0.918346872,-0.39577648,1,0,0.995561965,0.094108313,1,0,0.943664676,0.330903279
362,0,-23.26761081,0.372772312,0.732353388,0,19.32361,0.918669836,-0.395026243,1,0,0.995561965,0.094108313,1,0,0.943664676,0.330903279
363,0,-23.21391701,0.371959732,0.732985734,0,19.32361,0.919039625,-0.394165154,1,0,0.995561965,0.094108313,1,0,0.943664676,0.330903279
364,0,-23.15334442,0.371042659,0.733698317,0,19.32361,0.919455819,-0.393193333,1,0,0.995561965,0.094108313,1,0,0.943664676,0.330903279
