h,Tilt angle β,δ (declinación),cos(θ) formula 1,cos(θ) formula 2,A,Latitude φ,cos(δ),sin(δ),cos(β),sin(β),cos(ω),sin(ω),cos(y),sin(y),cos(φ),sin(φ),Zenit,Rb
1,0,-23.01163673,0.348113726,0.735362179,5.4,19.32361,0.920425477,-0.390918074,1,0,0.995561965,0.094108313,0.943664676,0.330903279,0.943664676,0.330903279,0.735362179,1
2,0,-22.93054361,0.346953304,0.736312312,5.4,19.32361,0.920977838,-0.389614966,1,0,0.995561965,0.094108313,0.943664676,0.330903279,0.943664676,0.330903279,0.736312312,1
3,0,-22.84265567,0.345694866,0.737340391,5.4,19.32361,0.921574398,-0.388201789,1,0,0.995561965,0.094108313,0.943664676,0.330903279,0.943664676,0.330903279,0.737340391,1
4,0,-22.74799897,0.344338598,0.738445708,5.4,19.32361,0.922214477,-0.386678754,1,0,0.995561965,0.094108313,0.943664676,0.330903279,0.943664676,0.330903279,0.738445708,1
5,0,-22.64660154,0.342884705,0.739627501,5.4,19.32361,0.922897345,-0.385046089,1,0,0.995561965,0.094108313,0.943664676,0.330903279,0.943664676,0.330903279,0.739627501,1
6,0,-22.53849343,0.341333407,0.740884955,5.4,19.32361,0.923622223,-0.383304043,1,0,0.995561965,0.094108313,0.943664676,0.330903279,0.943664676,0.330903279,0.740884955,1
7,0,-22.42370668,0.339684945,0.742217205,5.4,19.32361,0.924388283,-0.381452884,1,0,0.995561965,0.094108313,0.943664676,0.330903279,0.943664676,0.330903279,0.742217205,1
8,0,-22.30227531,0.337939574,0.743623332,5.4,19.32361,0.925194649,-0.379492901,1,0,0.995561965,0.094108313,0.943664676,0.330903279,0.943664676,0.330903279,0.743623332,1
9,0,-22.17423529,0.336097572,0.745102366,5.4,19.32361,0.926040398,-0.377424404,1,0,0.995561965,0.094108313,0.943664676,0.330903279,0.943664676,0.330903279,0.745102366,1
10,0,-22.03962456,0.334159232,0.746653288,5.4,19.32361,0.926924563,-0.375247725,1,0,0.995561965,0.094108313,0.943664676,0.330903279,0.943664676,0.330903279,0.746653288,1
11,0,-21.89848302,0.332124871,0.748275029,5.4,19.32361,0.927846129,-0.372963217,1,0,0.995561965,0.094108313,0.943664676,0.330903279,0.943664676,0.330903279,0.748275029,1
12,0,-21.75085248,0.329994823,0.749966471,5.4,19.32361,0.928804039,-0.370571257,1,0,0.995561965,0.094108313,0.943664676,0.330903279,0.943664676,0.330903279,0.749966471,1
13,0,-21.5967767,0.327769446,0.751726448,5.4,19.32361,0.929797194,-0.368072245,1,0,0.995561965,0.094108313,0.943664676,0.330903279,0.943664676,0.330903279,0.751726448,1
14,0,-21.43630132,0.325449117,0.753553746,5.4,19.32361,0.930824451,-0.365466607,1,0,0.995561965,0.094108313,0.943664676,0.330903279,0.943664676,0.330903279,0.753553746,1
15,0,-21.26947391,0.323034238,0.755447107,5.4,19.32361,0.931884629,-0.362754792,1,0,0.995561965,0.094108313,0.943664676,0.330903279,0.943664676,0.330903279,0.755447107,1
16,0,-21.09634389,0.32052523,0.757405225,5.4,19.32361,0.932976505,-0.359937275,1,0,0.995561965,0.094108313,0.943664676,0.330903279,0.943664676,0.330903279,0.757405225,1
17,0,-20.91696257,0.317922542,0.75942675,5.4,19.32361,0.93409882,-0.357014558,1,0,0.995561965,0.094108313,0.943664676,0.330903279,0.943664676,0.330903279,0.75942675,1
18,0,-20.73138311,0.315226644,0.761510292,5.4,19.32361,0.935250279,-0.35398717,1,0,0.995561965,0.094108313,0.943664676,0.330903279,0.943664676,0.330903279,0.761510292,1
19,0,-20.53966049,0.312438031,0.763654413,5.4,19.32361,0.936429549,-0.350855667,1,0,0.995561965,0.094108313,0.943664676,0.330903279,0.943664676,0.330903279,0.763654413,1
20,0,-20.34185152,0.309557227,0.765857638,5.4,19.32361,0.937635266,-0.347620637,1,0,0.995561965,0.094108313,0.943664676,0.330903279,0.943664676,0.330903279,0.765857638,1
21,0,-20.13801482,0.306584778,0.768118451,5.4,19.32361,0.938866033,-0.344282693,1,0,0.995561965,0.094108313,0.943664676,0.330903279,0.943664676,0.330903279,0.768118451,1
22,0,-19.9282108,0.303521258,0.770435296,5.4,19.32361,0.94012042,-0.34084248,1,0,0.995561965,0.094108313,0.943664676,0.330903279,0.943664676,0.330903279,0.770435296,1
23,0,-19.71250161,0.300367269,0.772806581,5.4,19.32361,0.94139697,-0.337300674,1,0,0.995561965,0.094108313,0.943664676,0.330903279,0.943664676,0.330903279,0.772806581,1
24,0,-19.49095119,0.297123441,0.775230675,5.4,19.32361,0.942694198,-0.333657982,1,0,0.995561965,0.094108313,0.943664676,0.330903279,0.943664676,0.330903279,0.775230675,1
25,0,-19.26362517,0.293790432,0.777705913,5.4,19.32361,0.944010592,-0.329915144,1,0,0.995561965,0.094108313,0.943664676,0.330903279,0.943664676,0.330903279,0.777705913,1
26,0,-19.03059093,0.290368931,0.780230598,5.4,19.32361,0.945344616,-0.326072932,1,0,0.995561965,0.094108313,0.943664676,0.330903279,0.943664676,0.330903279,0.780230598,1
27,0,-18.79191752,0.286859654,0.782802999,5.4,19.32361,0.946694711,-0.322132152,1,0,0.995561965,0.094108313,0.943664676,0.330903279,0.943664676,0.330903279,0.782802999,1
28,0,-18.54767565,0.28326335,0.785421352,5.4,19.32361,0.948059299,-0.318093644,1,0,0.995561965,0.094108313,0.943664676,0.330903279,0.943664676,0.330903279,0.785421352,1
29,0,-18.29793771,0.279580799,0.788083867,5.4,19.32361,0.949436779,-0.313958282,1,0,0.995561965,0.094108313,0.943664676,0.330903279,0.943664676,0.330903279,0.788083867,1
30,0,-18.04277769,0.275812809,0.790788724,5.4,19.32361,0.950825536,-0.309726978,1,0,0.995561965,0.094108313,0.943664676,0.330903279,0.943664676,0.330903279,0.790788724,1
31,0,-17.78227121,0.271960225,0.793534077,5.4,19.32361,0.952223937,-0.305400677,1,0,0.995561965,0.094108313,0.943664676,0.330903279,0.943664676,0.330903279,0.793534077,1
32,0,-17.51649546,0.268023921,0.796318055,5.4,19.32361,0.953630338,-0.300980362,1,0,0.995561965,0.094108313,0.943664676,0.330903279,0.943664676,0.330903279,0.796318055,1
33,0,-17.24552919,0.264004806,0.799138762,5.4,19.32361,0.955043081,-0.296467054,1,0,0.995561965,0.094108313,0.943664676,0.330903279,0.943664676,0.330903279,0.799138762,1
34,0,-16.9694527,0.259903822,0.801994284,5.4,19.32361,0.956460498,-0.291861808,1,0,0.995561965,0.094108313,0.943664676,0.330903279,0.943664676,0.330903279,0.801994284,1
35,0,-16.68834779,0.255721943,0.804882683,5.4,19.32361,0.957880915,-0.287165722,1,0,0.995561965,0.094108313,0.943664676,0.330903279,0.943664676,0.330903279,0.804882683,1
36,0,-16.40229777,0.251460179,0.807802005,5.4,19.32361,0.959302651,-0.282379929,1,0,0.995561965,0.094108313,0.943664676,0.330903279,0.943664676,0.330903279,0.807802005,1
37,0,-16.11138739,0.247119575,0.810750279,5.4,19.32361,0.96072402,-0.2775056,1,0,0.995561965,0.094108313,0.943664676,0.330903279,0.943664676,0.330903279,0.810750279,1
38,0,-15.81570286,0.242701209,0.813725519,5.4,19.32361,0.962143334,-0.272543949,1,0,0.995561965,0.094108313,0.943664676,0.330903279,0.943664676,0.330903279,0.813725519,1
39,0,-15.5153318,0.238206196,0.816725726,5.4,19.32361,0.963558908,-0.267496225,1,0,0.995561965,0.094108313,0.943664676,0.330903279,0.943664676,0.330903279,0.816725726,1
40,0,-15.21036321,0.233635684,0.819748889,5.4,19.32361,0.964969056,-0.262363719,1,0,0.995561965,0.094108313,0.943664676,0.330903279,0.943664676,0.330903279,0.819748889,1
41,0,-14.90088746,0.228990858,0.822792991,5.4,19.32361,0.966372096,-0.257147761,1,0,0.995561965,0.094108313,0.943664676,0.330903279,0.943664676,0.330903279,0.822792991,1
42,0,-14.58699625,0.224272938,0.825856002,5.4,19.32361,0.967766355,-0.251849722,1,0,0.995561965,0.094108313,0.943664676,0.330903279,0.943664676,0.330903279,0.825856002,1
43,0,-14.2687826,0.21948318,0.828935892,5.4,19.32361,0.969150164,-0.246471011,1,0,0.995561965,0.094108313,0.943664676,0.330903279,0.943664676,0.330903279,0.828935892,1
44,0,-13.94634081,0.214622875,0.832030623,5.4,19.32361,0.970521868,-0.241013079,1,0,0.995561965,0.094108313,0.943664676,0.330903279,0.943664676,0.330903279,0.832030623,1
45,0,-13.61976641,0.209693349,0.835138158,5.4,19.32361,0.971879821,-0.235477415,1,0,0.995561965,0.094108313,0.943664676,0.330903279,0.943664676,0.330903279,0.835138158,1
46,0,-13.28915619,0.204695966,0.838256459,5.4,19.32361,0.973222395,-0.229865549,1,0,0.995561965,0.094108313,0.943664676,0.330903279,0.943664676,0.330903279,0.838256459,1
47,0,-12.95460809,0.199632122,0.841383491,5.4,19.32361,0.974547974,-0.224179051,1,0,0.995561965,0.094108313,0.943664676,0.330903279,0.943664676,0.330903279,0.841383491,1
48,0,-12.61622127,0.19450325,0.844517222,5.4,19.32361,0.975854963,-0.218419529,1,0,0.995561965,0.094108313,0.943664676,0.330903279,0.943664676,0.330903279,0.844517222,1
49,0,-12.27409599,0.189310819,0.847655626,5.4,19.32361,0.977141788,-0.212588632,1,0,0.995561965,0.094108313,0.943664676,0.330903279,0.943664676,0.330903279,0.847655626,1
50,0,-11.92833363,0.184056331,0.850796687,5.4,19.32361,0.978406894,-0.206688048,1,0,0.995561965,0.094108313,0.943664676,0.330903279,0.943664676,0.330903279,0.850796687,1
51,0,-11.57903665,0.178741322,0.853938397,5.4,19.32361,0.979648754,-0.200719501,1,0,0.995561965,0.094108313,0.943664676,0.330903279,0.943664676,0.330903279,0.853938397,1
52,0,-11.22630855,0.173367364,0.857078761,5.4,19.32361,0.980865865,-0.194684757,1,0,0.995561965,0.094108313,0.943664676,0.330903279,0.943664676,0.330903279,0.857078761,1
53,0,-10.87025385,0.16793606,0.860215798,5.4,19.32361,0.982056753,-0.188585616,1,0,0.995561965,0.094108313,0.943664676,0.330903279,0.943664676,0.330903279,0.860215798,1
54,0,-10.51097806,0.162449049,0.863347542,5.4,19.32361,0.983219973,-0.182423917,1,0,0.995561965,0.094108313,0.943664676,0.330903279,0.943664676,0.330903279,0.863347542,1
55,0,-10.14858765,0.156908,0.866472046,5.4,19.32361,0.984354112,-0.176201536,1,0,0.995561965,0.094108313,0.943664676,0.330903279,0.943664676,0.330903279,0.866472046,1
56,0,-9.783189981,0.151314614,0.869587383,5.4,19.32361,0.985457794,-0.169920383,1,0,0.995561965,0.094108313,0.943664676,0.330903279,0.943664676,0.330903279,0.869587383,1
57,0,-9.414893347,0.145670625,0.872691647,5.4,19.32361,0.986529674,-0.163582404,1,0,0.995561965,0.094108313,0.943664676,0.330903279,0.943664676,0.330903279,0.872691647,1
58,0,-9.043806876,0.139977796,0.875782956,5.4,19.32361,0.987568446,-0.15718958,1,0,0.995561965,0.094108313,0.943664676,0.330903279,0.943664676,0.330903279,0.875782956,1
59,0,-8.670040531,0.13423792,0.878859454,5.4,19.32361,0.988572845,-0.150743925,1,0,0.995561965,0.094108313,0.943664676,0.330903279,0.943664676,0.330903279,0.878859454,1
60,0,-8.293705065,0.12845282,0.881919311,5.4,19.32361,0.989541643,-0.144247484,1,0,0.995561965,0.094108313,0.943664676,0.330903279,0.943664676,0.330903279,0.881919311,1
61,0,-7.914911995,0.122624345,0.884960728,5.4,19.32361,0.990473658,-0.137702335,1,0,0.995561965,0.094108313,0.943664676,0.330903279,0.943664676,0.330903279,0.884960728,1
62,0,-7.533773567,0.116754373,0.887981937,5.4,19.32361,0.991367749,-0.131110587,1,0,0.995561965,0.094108313,0.943664676,0.330903279,0.943664676,0.330903279,0.887981937,1
63,0,-7.150402718,0.110844808,0.890981202,5.4,19.32361,0.992222823,-0.124474377,1,0,0.995561965,0.094108313,0.943664676,0.330903279,0.943664676,0.330903279,0.890981202,1
64,0,-6.764913051,0.104897579,0.893956823,5.4,19.32361,0.99303783,-0.117795871,1,0,0.995561965,0.094108313,0.943664676,0.330903279,0.943664676,0.330903279,0.893956823,1
65,0,-6.377418794,0.098914638,0.896907134,5.4,19.32361,0.993811774,-0.111077263,1,0,0.995561965,0.094108313,0.943664676,0.330903279,0.943664676,0.330903279,0.896907134,1
66,0,-5.98803477,0.092897963,0.899830509,5.4,19.32361,0.994543703,-0.104320772,1,0,0.995561965,0.094108313,0.943664676,0.330903279,0.943664676,0.330903279,0.899830509,1
67,0,-5.596876363,0.08684955,0.902725361,5.4,19.32361,0.995232719,-0.097528642,1,0,0.995561965,0.094108313,0.943664676,0.330903279,0.943664676,0.330903279,0.902725361,1
68,0,-5.20405948,0.08077142,0.905590146,5.4,19.32361,0.995877975,-0.09070314,1,0,0.995561965,0.094108313,0.943664676,0.330903279,0.943664676,0.330903279,0.905590146,1
69,0,-4.809700522,0.07466561,0.908423359,5.4,19.32361,0.996478678,-0.083846554,1,0,0.995561965,0.094108313,0.943664676,0.330903279,0.943664676,0.330903279,0.908423359,1
70,0,-4.413916346,0.068534178,0.911223542,5.4,19.32361,0.997034089,-0.076961196,1,0,0.995561965,0.094108313,0.943664676,0.330903279,0.943664676,0.330903279,0.911223542,1
71,0,-4.016824231,0.062379197,0.913989283,5.4,19.32361,0.997543524,-0.070049394,1,0,0.995561965,0.094108313,0.943664676,0.330903279,0.943664676,0.330903279,0.913989283,1
72,0,-3.618541845,0.056202757,0.916719214,5.4,19.32361,0.998006356,-0.063113494,1,0,0.995561965,0.094108313,0.943664676,0.330903279,0.943664676,0.330903279,0.916719214,1
73,0,-3.219187206,0.050006963,0.91941202,5.4,19.32361,0.998422015,-0.05615586,1,0,0.995561965,0.094108313,0.943664676,0.330903279,0.943664676,0.330903279,0.91941202,1
74,0,-2.818878653,0.043793931,0.922066431,5.4,19.32361,0.998789987,-0.049178868,1,0,0.995561965,0.094108313,0.943664676,0.330903279,0.943664676,0.330903279,0.922066431,1
75,0,-2.417734805,0.037565791,0.92468123,5.4,19.32361,0.99910982,-0.042184911,1,0,0.995561965,0.094108313,0.943664676,0.330903279,0.943664676,0.330903279,0.92468123,1
76,0,-2.01587453,0.031324681,0.927255252,5.4,19.32361,0.999381119,-0.035176389,1,0,0.995561965,0.094108313,0.943664676,0.330903279,0.943664676,0.330903279,0.927255252,1
77,0,-1.613416909,0.02507275,0.929787383,5.4,19.32361,0.999603549,-0.028155716,1,0,0.995561965,0.094108313,0.943664676,0.330903279,0.943664676,0.330903279,0.929787383,1
78,0,-1.210481196,0.018812153,0.932276566,5.4,19.32361,0.999776836,-0.021125311,1,0,0.995561965,0.094108313,0.943664676,0.330903279,0.943664676,0.330903279,0.932276566,1
79,0,-0.807186793,0.012545051,0.934721796,5.4,19.32361,0.999900765,-0.014087601,1,0,0.995561965,0.094108313,0.943664676,0.330903279,0.943664676,0.330903279,0.934721796,1
80,0,-0.403653202,0.006273611,0.937122124,5.4,19.32361,0.999975184,-0.007045019,1,0,0.995561965,0.094108313,0.943664676,0.330903279,0.943664676,0.330903279,0.937122124,1
81,0,-5.74359E-15,1.46794E-16,0.939476658,5.4,19.32361,1,-1.00245E-16,1,0,0.995561965,0.094108313,0.943664676,0.330903279,0.943664676,0.330903279,0.939476658,1
82,0,0.403653202,-0.006273611,0.941784564,5.4,19.32361,0.999975184,0.007045019,1,0,0.995561965,0.094108313,0.943664676,0.330903279,0.943664676,0.330903279,0.941784564,1
83,0,0.807186793,-0.012545051,0.944045063,5.4,19.32361,0.999900765,0.014087601,1,0,0.995561965,0.094108313,0.943664676,0.330903279,0.943664676,0.330903279,0.944045063,1
84,0,1.210481196,-0.018812153,0.946257435,5.4,19.32361,0.999776836,0.021125311,1,0,0.995561965,0.094108313,0.943664676,0.330903279,0.943664676,0.330903279,0.946257435,1
85,0,1.613416909,-0.02507275,0.948421021,5.4,19.32361,0.999603549,0.028155716,1,0,0.995561965,0.094108313,0.943664676,0.330903279,0.943664676,0.330903279,0.948421021,1
86,0,2.01587453,-0.031324681,0.950535217,5.4,19.32361,0.999381119,0.035176389,1,0,0.995561965,0.094108313,0.943664676,0.330903279,0.943664676,0.330903279,0.950535217,1
87,0,2.417734805,-0.037565791,0.952599481,5.4,19.32361,0.99910982,0.042184911,1,0,0.995561965,0.094108313,0.943664676,0.330903279,0.943664676,0.330903279,0.952599481,1
88,0,2.818878653,-0.043793931,0.954613329,5.4,19.32361,0.998789987,0.049178868,1,0,0.995561965,0.094108313,0.943664676,0.330903279,0.943664676,0.330903279,0.954613329,1
89,0,3.219187206,-0.050006963,0.956576336,5.4,19.32361,0.998422015,0.05615586,1,0,0.995561965,0.094108313,0.943664676,0.330903279,0.943664676,0.330903279,0.956576336,1
90,0,3.618541845,-0.056202757,0.958488139,5.4,19.32361,0.998006356,0.063113494,1,0,0.995561965,0.094108313,0.943664676,0.330903279,0.943664676,0.330903279,0.958488139,1
91,0,4.016824231,-0.062379197,0.960348431,5.4,19.32361,0.997543524,0.070049394,1,0,0.995561965,0.094108313,0.943664676,0.330903279,0.943664676,0.330903279,0.960348431,1
92,0,4.413916346,-0.068534178,0.962156966,5.4,19.32361,0.997034089,0.076961196,1,0,0.995561965,0.094108313,0.943664676,0.330903279,0.943664676,0.330903279,0.962156966,1
93,0,4.809700522,-0.07466561,0.963913558,5.4,19.32361,0.996478678,0.083846554,1,0,0.995561965,0.094108313,0.943664676,0.330903279,0.943664676,0.330903279,0.963913558,1
94,0,5.20405948,-0.08077142,0.965618078,5.4,19.32361,0.995877975,0.09070314,1,0,0.995561965,0.094108313,0.943664676,0.330903279,0.943664676,0.330903279,0.965618078,1
95,0,5.596876363,-0.08684955,0.967270456,5.4,19.32361,0.995232719,0.097528642,1,0,0.995561965,0.094108313,0.943664676,0.330903279,0.943664676,0.330903279,0.967270456,1
96,0,5.98803477,-0.092897963,0.96887068,5.4,19.32361,0.994543703,0.104320772,1,0,0.995561965,0.094108313,0.943664676,0.330903279,0.943664676,0.330903279,0.96887068,1
97,0,6.377418794,-0.098914638,0.970418795,5.4,19.32361,0.993811774,0.111077263,1,0,0.995561965,0.094108313,0.943664676,0.330903279,0.943664676,0.330903279,0.970418795,1
98,0,6.764913051,-0.104897579,0.971914903,5.4,19.32361,0.99303783,0.117795871,1,0,0.995561965,0.094108313,0.943664676,0.330903279,0.943664676,0.330903279,0.971914903,1
99,0,7.150402718,-0.110844808,0.973359161,5.4,19.32361,0.992222823,0.124474377,1,0,0.995561965,0.094108313,0.943664676,0.330903279,0.943664676,0.330903279,0.973359161,1
100,0,7.533773567,-0.116754373,0.974751783,5.4,19.32361,0.991367749,0.131110587,1,0,0.995561965,0.094108313,0.943664676,0.330903279,0.943664676,0.330903279,0.974751783,1
101,0,7.914911995,-0.122624345,0.976093036,5.4,19.32361,0.990473658,0.137702335,1,0,0.995561965,0.094108313,0.943664676,0.330903279,0.943664676,0.330903279,0.976093036,1
102,0,8.293705065,-0.12845282,0.977383242,5.4,19.32361,0.989541643,0.144247484,1,0,0.995561965,0.094108313,0.943664676,0.330903279,0.943664676,0.330903279,0.977383242,1
103,0,8.670040531,-0.13423792,0.978622772,5.4,19.32361,0.988572845,0.150743925,1,0,0.995561965,0.094108313,0.943664676,0.330903279,0.943664676,0.330903279,0.978622772,1
104,0,9.043806876,-0.139977796,0.979812051,5.4,19.32361,0.987568446,0.15718958,1,0,0.995561965,0.094108313,0.943664676,0.330903279,0.943664676,0.330903279,0.979812051,1
105,0,9.414893347,-0.145670625,0.980951555,5.4,19.32361,0.986529674,0.163582404,1,0,0.995561965,0.094108313,0.943664676,0.330903279,0.943664676,0.330903279,0.980951555,1
106,0,9.783189981,-0.151314614,0.982041807,5.4,19.32361,0.985457794,0.169920383,1,0,0.995561965,0.094108313,0.943664676,0.330903279,0.943664676,0.330903279,0.982041807,1
107,0,10.14858765,-0.156908,0.983083378,5.4,19.32361,0.984354112,0.176201536,1,0,0.995561965,0.094108313,0.943664676,0.330903279,0.943664676,0.330903279,0.983083378,1
108,0,10.51097806,-0.162449049,0.984076887,5.4,19.32361,0.983219973,0.182423917,1,0,0.995561965,0.094108313,0.943664676,0.330903279,0.943664676,0.330903279,0.984076887,1
109,0,10.87025385,-0.16793606,0.985022995,5.4,19.32361,0.982056753,0.188585616,1,0,0.995561965,0.094108313,0.943664676,0.330903279,0.943664676,0.330903279,0.985022995,1
110,0,11.22630855,-0.173367364,0.98592241,5.4,19.32361,0.980865865,0.194684757,1,0,0.995561965,0.094108313,0.943664676,0.330903279,0.943664676,0.330903279,0.98592241,1
111,0,11.57903665,-0.178741322,0.986775879,5.4,19.32361,0.979648754,0.200719501,1,0,0.995561965,0.094108313,0.943664676,0.330903279,0.943664676,0.330903279,0.986775879,1
112,0,11.92833363,-0.184056331,0.987584192,5.4,19.32361,0.978406894,0.206688048,1,0,0.995561965,0.094108313,0.943664676,0.330903279,0.943664676,0.330903279,0.987584192,1
113,0,12.27409599,-0.189310819,0.988348177,5.4,19.32361,0.977141788,0.212588632,1,0,0.995561965,0.094108313,0.943664676,0.330903279,0.943664676,0.330903279,0.988348177,1
114,0,12.61622127,-0.19450325,0.989068698,5.4,19.32361,0.975854963,0.218419529,1,0,0.995561965,0.094108313,0.943664676,0.330903279,0.943664676,0.330903279,0.989068698,1
115,0,12.95460809,-0.199632122,0.989746657,5.4,19.32361,0.974547974,0.224179051,1,0,0.995561965,0.094108313,0.943664676,0.330903279,0.943664676,0.330903279,0.989746657,1
116,0,13.28915619,-0.204695966,0.990382987,5.4,19.32361,0.973222395,0.229865549,1,0,0.995561965,0.094108313,0.943664676,0.330903279,0.943664676,0.330903279,0.990382987,1
117,0,13.61976641,-0.209693349,0.990978656,5.4,19.32361,0.971879821,0.235477415,1,0,0.995561965,0.094108313,0.943664676,0.330903279,0.943664676,0.330903279,0.990978656,1
118,0,13.94634081,-0.214622875,0.991534659,5.4,19.32361,0.970521868,0.241013079,1,0,0.995561965,0.094108313,0.943664676,0.330903279,0.943664676,0.330903279,0.991534659,1
119,0,14.2687826,-0.21948318,0.992052023,5.4,19.32361,0.969150164,0.246471011,1,0,0.995561965,0.094108313,0.943664676,0.330903279,0.943664676,0.330903279,0.992052023,1
120,0,14.58699625,-0.224272938,0.9925318,5.4,19.32361,0.967766355,0.251849722,1,0,0.995561965,0.094108313,0.943664676,0.330903279,0.943664676,0.330903279,0.9925318,1
121,0,14.90088746,-0.228990858,0.992975065,5.4,19.32361,0.966372096,0.257147761,1,0,0.995561965,0.094108313,0.943664676,0.330903279,0.943664676,0.330903279,0.992975065,1
122,0,15.21036321,-0.233635684,0.993382919,5.4,19.32361,0.964969056,0.262363719,1,0,0.995561965,0.094108313,0.943664676,0.330903279,0.943664676,0.330903279,0.993382919,1
123,0,15.5153318,-0.238206196,0.993756481,5.4,19.32361,0.963558908,0.267496225,1,0,0.995561965,0.094108313,0.943664676,0.330903279,0.943664676,0.330903279,0.993756481,1
124,0,15.81570286,-0.242701209,0.994096891,5.4,19.32361,0.962143334,0.272543949,1,0,0.995561965,0.094108313,0.943664676,0.330903279,0.943664676,0.330903279,0.994096891,1
125,0,16.11138739,-0.247119575,0.994405305,5.4,19.32361,0.96072402,0.2775056,1,0,0.995561965,0.094108313,0.943664676,0.330903279,0.943664676,0.330903279,0.994405305,1
126,0,16.40229777,-0.251460179,0.994682893,5.4,19.32361,0.959302651,0.282379929,1,0,0.995561965,0.094108313,0.943664676,0.330903279,0.943664676,0.330903279,0.994682893,1
127,0,16.68834779,-0.255721943,0.994930841,5.4,19.32361,0.957880915,0.287165722,1,0,0.995561965,0.094108313,0.943664676,0.330903279,0.943664676,0.330903279,0.994930841,1
128,0,16.9694527,-0.259903822,0.995150342,5.4,19.32361,0.956460498,0.291861808,1,0,0.995561965,0.094108313,0.943664676,0.330903279,0.943664676,0.330903279,0.995150342,1
129,0,17.24552919,-0.264004806,0.995342602,5.4,19.32361,0.955043081,0.296467054,1,0,0.995561965,0.094108313,0.943664676,0.330903279,0.943664676,0.330903279,0.995342602,1
130,0,17.51649546,-0.268023921,0.995508832,5.4,19.32361,0.953630338,0.300980362,1,0,0.995561965,0.094108313,0.943664676,0.330903279,0.943664676,0.330903279,0.995508832,1
131,0,17.78227121,-0.271960225,0.995650248,5.4,19.32361,0.952223937,0.305400677,1,0,0.995561965,0.094108313,0.943664676,0.330903279,0.943664676,0.330903279,0.995650248,1
132,0,18.04277769,-0.275812809,0.995768069,5.4,19.32361,0.950825536,0.309726978,1,0,0.995561965,0.094108313,0.943664676,0.330903279,0.943664676,0.330903279,0.995768069,1
133,0,18.29793771,-0.279580799,0.995863517,5.4,19.32361,0.949436779,0.313958282,1,0,0.995561965,0.094108313,0.943664676,0.330903279,0.943664676,0.330903279,0.995863517,1
134,0,18.54767565,-0.28326335,0.995937812,5.4,19.32361,0.948059299,0.318093644,1,0,0.995561965,0.094108313,0.943664676,0.330903279,0.943664676,0.330903279,0.995937812,1
135,0,18.79191752,-0.286859654,0.995992169,5.4,19.32361,0.946694711,0.322132152,1,0,0.995561965,0.094108313,0.943664676,0.330903279,0.943664676,0.330903279,0.995992169,1
136,0,19.03059093,-0.290368931,0.996027803,5.4,19.32361,0.945344616,0.326072932,1,0,0.995561965,0.094108313,0.943664676,0.330903279,0.943664676,0.330903279,0.996027803,1
137,0,19.26362517,-0.293790432,0.996045919,5.4,19.32361,0.944010592,0.329915144,1,0,0.995561965,0.094108313,0.943664676,0.330903279,0.943664676,0.330903279,0.996045919,1
138,0,19.49095119,-0.297123441,0.996047715,5.4,19.32361,0.942694198,0.333657982,1,0,0.995561965,0.094108313,0.943664676,0.330903279,0.943664676,0.330903279,0.996047715,1
139,0,19.71250161,-0.300367269,0.996034379,5.4,19.32361,0.94139697,0.337300674,1,0,0.995561965,0.094108313,0.943664676,0.330903279,0.943664676,0.330903279,0.996034379,1
140,0,19.9282108,-0.303521258,0.996007085,5.4,19.32361,0.94012042,0.34084248,1,0,0.995561965,0.094108313,0.943664676,0.330903279,0.943664676,0.330903279,0.996007085,1
141,0,20.13801482,-0.306584778,0.995966995,5.4,19.32361,0.938866033,0.344282693,1,0,0.995561965,0.094108313,0.943664676,0.330903279,0.943664676,0.330903279,0.995966995,1
142,0,20.34185152,-0.309557227,0.995915255,5.4,19.32361,0.937635266,0.347620637,1,0,0.995561965,0.094108313,0.943664676,0.330903279,0.943664676,0.330903279,0.995915255,1
143,0,20.53966049,-0.312438031,0.995852994,5.4,19.32361,0.936429549,0.350855667,1,0,0.995561965,0.094108313,0.943664676,0.330903279,0.943664676,0.330903279,0.995852994,1
144,0,20.73138311,-0.315226644,0.995781322,5.4,19.32361,0.935250279,0.35398717,1,0,0.995561965,0.094108313,0.943664676,0.330903279,0.943664676,0.330903279,0.995781322,1
145,0,20.91696257,-0.317922542,0.995701326,5.4,19.32361,0.93409882,0.357014558,1,0,0.995561965,0.094108313,0.943664676,0.330903279,0.943664676,0.330903279,0.995701326,1
146,0,21.09634389,-0.32052523,0.995614073,5.4,19.32361,0.932976505,0.359937275,1,0,0.995561965,0.094108313,0.943664676,0.330903279,0.943664676,0.330903279,0.995614073,1
147,0,21.26947391,-0.323034238,0.995520607,5.4,19.32361,0.931884629,0.362754792,1,0,0.995561965,0.094108313,0.943664676,0.330903279,0.943664676,0.330903279,0.995520607,1
148,0,21.43630132,-0.325449117,0.995421944,5.4,19.32361,0.930824451,0.365466607,1,0,0.995561965,0.094108313,0.943664676,0.330903279,0.943664676,0.330903279,0.995421944,1
149,0,21.5967767,-0.327769446,0.995319074,5.4,19.32361,0.929797194,0.368072245,1,0,0.995561965,0.094108313,0.943664676,0.330903279,0.943664676,0.330903279,0.995319074,1
150,0,21.75085248,-0.329994823,0.995212959,5.4,19.32361,0.928804039,0.370571257,1,0,0.995561965,0.094108313,0.943664676,0.330903279,0.943664676,0.330903279,0.995212959,1
151,0,21.89848302,-0.332124871,0.995104532,5.4,19.32361,0.927846129,0.372963217,1,0,0.995561965,0.094108313,0.943664676,0.330903279,0.943664676,0.330903279,0.995104532,1
152,0,22.03962456,-0.334159232,0.994994693,5.4,19.32361,0.926924563,0.375247725,1,0,0.995561965,0.094108313,0.943664676,0.330903279,0.943664676,0.330903279,0.994994693,1
153,0,22.17423529,-0.336097572,0.994884312,5.4,19.32361,0.926040398,0.377424404,1,0,0.995561965,0.094108313,0.943664676,0.330903279,0.943664676,0.330903279,0.994884312,1
154,0,22.30227531,-0.337939574,0.994774222,5.4,19.32361,0.925194649,0.379492901,1,0,0.995561965,0.094108313,0.943664676,0.330903279,0.943664676,0.330903279,0.994774222,1
155,0,22.42370668,-0.339684945,0.994665225,5.4,19.32361,0.924388283,0.381452884,1,0,0.995561965,0.094108313,0.943664676,0.330903279,0.943664676,0.330903279,0.994665225,1
156,0,22.53849343,-0.341333407,0.994558084,5.4,19.32361,0.923622223,0.383304043,1,0,0.995561965,0.094108313,0.943664676,0.330903279,0.943664676,0.330903279,0.994558084,1
157,0,22.64660154,-0.342884705,0.994453527,5.4,19.32361,0.922897345,0.385046089,1,0,0.995561965,0.094108313,0.943664676,0.330903279,0.943664676,0.330903279,0.994453527,1
158,0,22.74799897,-0.344338598,0.994352243,5.4,19.32361,0.922214477,0.386678754,1,0,0.995561965,0.094108313,0.943664676,0.330903279,0.943664676,0.330903279,0.994352243,1
159,0,22.84265567,-0.345694866,0.994254881,5.4,19.32361,0.921574398,0.388201789,1,0,0.995561965,0.094108313,0.943664676,0.330903279,0.943664676,0.330903279,0.994254881,1
160,0,22.93054361,-0.346953304,0.994162052,5.4,19.32361,0.920977838,0.389614966,1,0,0.995561965,0.094108313,0.943664676,0.330903279,0.943664676,0.330903279,0.994162052,1
161,0,23.01163673,-0.348113726,0.994074324,5.4,19.32361,0.920425477,0.390918074,1,0,0.995561965,0.094108313,0.943664676,0.330903279,0.943664676,0.330903279,0.994074324,1
162,0,23.085911,-0.34917596,0.993992226,5.4,19.32361,0.919917945,0.392110921,1,0,0.995561965,0.094108313,0.943664676,0.330903279,0.943664676,0.330903279,0.993992226,1
163,0,23.15334442,-0.350139851,0.993916243,5.4,19.32361,0.919455819,0.393193333,1,0,0.995561965,0.094108313,0.943664676,0.330903279,0.943664676,0.330903279,0.993916243,1
164,0,23.21391701,-0.35100526,0.993846817,5.4,19.32361,0.919039625,0.394165154,1,0,0.995561965,0.094108313,0.943664676,0.330903279,0.943664676,0.330903279,0.993846817,1
165,0,23.26761081,-0.351772063,0.993784347,5.4,19.32361,0.918669836,0.395026243,1,0,0.995561965,0.094108313,0.943664676,0.330903279,0.943664676,0.330903279,0.993784347,1
166,0,23.31440992,-0.352440151,0.993729186,5.4,19.32361,0.918346872,0.39577648,1,0,0.995561965,0.094108313,0.943664676,0.330903279,0.943664676,0.330903279,0.993729186,1
167,0,23.35430046,-0.353009428,0.993681645,5.4,19.32361,0.918071102,0.396415756,1,0,0.995561965,0.094108313,0.943664676,0.330903279,0.943664676,0.330903279,0.993681645,1
168,0,23.38727062,-0.353479816,0.993641987,5.4,19.32361,0.917842837,0.396943984,1,0,0.995561965,0.094108313,0.943664676,0.330903279,0.943664676,0.330903279,0.993641987,1
169,0,23.41331063,-0.353851248,0.993610433,5.4,19.32361,0.917662338,0.397361087,1,0,0.995561965,0.094108313,0.943664676,0.330903279,0.943664676,0.330903279,0.993610433,1
170,0,23.43241276,-0.354123673,0.993587156,5.4,19.32361,0.917529809,0.39766701,1,0,0.995561965,0.094108313,0.943664676,0.330903279,0.943664676,0.330903279,0.993587156,1
171,0,23.44457137,-0.354297052,0.993572282,5.4,19.32361,0.9174454,0.397861707,1,0,0.995561965,0.094108313,0.943664676,0.330903279,0.943664676,0.330903279,0.993572282,1
172,0,23.44978285,-0.354371362,0.993565893,5.4,19.32361,0.917409208,0.397945154,1,0,0.995561965,0.094108313,0.943664676,0.330903279,0.943664676,0.330903279,0.993565893,1
173,0,23.44804565,-0.354346592,0.993568024,5.4,19.32361,0.917421273,0.397917338,1,0,0.995561965,0.094108313,0.943664676,0.330903279,0.943664676,0.330903279,0.993568024,1
174,0,23.43936028,-0.354222745,0.993578662,5.4,19.32361,0.917481582,0.397778264,1,0,0.995561965,0.094108313,0.943664676,0.330903279,0.943664676,0.330903279,0.993578662,1
175,0,23.42372933,-0.353999839,0.993597751,5.4,19.32361,0.917590066,0.397527949,1,0,0.995561965,0.094108313,0.943664676,0.330903279,0.943664676,0.330903279,0.993597751,1
176,0,23.40115742,-0.353677905,0.993625186,5.4,19.32361,0.917746603,0.39716643,1,0,0.995561965,0.094108313,0.943664676,0.330903279,0.943664676,0.330903279,0.993625186,1
177,0,23.37165125,-0.353256988,0.993660816,5.4,19.32361,0.917951014,0.396693756,1,0,0.995561965,0.094108313,0.943664676,0.330903279,0.943664676,0.330903279,0.993660816,1
178,0,23.33521955,-0.352737146,0.993704445,5.4,19.32361,0.918203067,0.396109994,1,0,0.995561965,0.094108313,0.943664676,0.330903279,0.943664676,0.330903279,0.993704445,1
179,0,23.29187312,-0.352118452,0.993755832,5.4,19.32361,0.918502477,0.395415225,1,0,0.995561965,0.094108313,0.943664676,0.330903279,0.943664676,0.330903279,0.993755832,1
180,0,23.2416248,-0.351400994,0.993814689,5.4,19.32361,0.918848902,0.394609548,1,0,0.995561965,0.094108313,0.943664676,0.330903279,0.943664676,0.330903279,0.993814689,1
181,0,23.18448949,-0.350584874,0.993880685,5.4,19.32361,0.919241949,0.393693077,1,0,0.995561965,0.094108313,0.943664676,0.330903279,0.943664676,0.330903279,0.993880685,1
182,0,23.12048412,-0.349670207,0.993953442,5.4,19.32361,0.919681172,0.392665942,1,0,0.995561965,0.094108313,0.943664676,0.330903279,0.943664676,0.330903279,0.993953442,1
183,0,23.04962764,-0.348657126,0.99403254,5.4,19.32361,0.92016607,0.391528292,1,0,0.995561965,0.094108313,0.943664676,0.330903279,0.943664676,0.330903279,0.99403254,1
184,0,22.97194107,-0.347545778,0.994117516,5.4,19.32361,0.920696092,0.390280291,1,0,0.995561965,0.094108313,0.943664676,0.330903279,0.943664676,0.330903279,0.994117516,1
185,0,22.88744741,-0.346336326,0.994207863,5.4,19.32361,0.921270634,0.388922124,1,0,0.995561965,0.094108313,0.943664676,0.330903279,0.943664676,0.330903279,0.994207863,1
186,0,22.79617171,-0.345028948,0.994303032,5.4,19.32361,0.921889042,0.38745399,1,0,0.995561965,0.094108313,0.943664676,0.330903279,0.943664676,0.330903279,0.994303032,1
187,0,22.69814101,-0.343623841,0.994402434,5.4,19.32361,0.92255061,0.38587611,1,0,0.995561965,0.094108313,0.943664676,0.330903279,0.943664676,0.330903279,0.994402434,1
188,0,22.59338436,-0.342121217,0.994505439,5.4,19.32361,0.923254583,0.384188722,1,0,0.995561965,0.094108313,0.943664676,0.330903279,0.943664676,0.330903279,0.994505439,1
189,0,22.48193281,-0.340521306,0.994611376,5.4,19.32361,0.924000159,0.382392085,1,0,0.995561965,0.094108313,0.943664676,0.330903279,0.943664676,0.330903279,0.994611376,1
190,0,22.36381937,-0.338824356,0.994719538,5.4,19.32361,0.924786484,0.380486476,1,0,0.995561965,0.094108313,0.943664676,0.330903279,0.943664676,0.330903279,0.994719538,1
191,0,22.23907905,-0.337030634,0.99482918,5.4,19.32361,0.92561266,0.378472196,1,0,0.995561965,0.094108313,0.943664676,0.330903279,0.943664676,0.330903279,0.99482918,1
192,0,22.10774881,-0.335140425,0.994939517,5.4,19.32361,0.926477741,0.376349566,1,0,0.995561965,0.094108313,0.943664676,0.330903279,0.943664676,0.330903279,0.994939517,1
193,0,21.96986757,-0.333154034,0.995049734,5.4,19.32361,0.927380736,0.374118926,1,0,0.995561965,0.094108313,0.943664676,0.330903279,0.943664676,0.330903279,0.995049734,1
194,0,21.82547618,-0.331071786,0.995158978,5.4,19.32361,0.928320609,0.371780644,1,0,0.995561965,0.094108313,0.943664676,0.330903279,0.943664676,0.330903279,0.995158978,1
195,0,21.67461744,-0.328894028,0.995266363,5.4,19.32361,0.929296282,0.369335107,1,0,0.995561965,0.094108313,0.943664676,0.330903279,0.943664676,0.330903279,0.995266363,1
196,0,21.51733603,-0.326621126,0.995370974,5.4,19.32361,0.930306633,0.366782727,1,0,0.995561965,0.094108313,0.943664676,0.330903279,0.943664676,0.330903279,0.995370974,1
197,0,21.35367858,-0.32425347,0.995471862,5.4,19.32361,0.9313505,0.364123943,1,0,0.995561965,0.094108313,0.943664676,0.330903279,0.943664676,0.330903279,0.995471862,1
198,0,21.18369356,-0.321791472,0.995568053,5.4,19.32361,0.932426682,0.361359215,1,0,0.995561965,0.094108313,0.943664676,0.330903279,0.943664676,0.330903279,0.995568053,1
199,0,21.00743137,-0.319235567,0.995658541,5.4,19.32361,0.933533938,0.358489034,1,0,0.995561965,0.094108313,0.943664676,0.330903279,0.943664676,0.330903279,0.995658541,1
200,0,20.82494422,-0.316586213,0.995742297,5.4,19.32361,0.934670989,0.355513913,1,0,0.995561965,0.094108313,0.943664676,0.330903279,0.943664676,0.330903279,0.995742297,1
201,0,20.63628618,-0.313843895,0.995818266,5.4,19.32361,0.935836522,0.352434397,1,0,0.995561965,0.094108313,0.943664676,0.330903279,0.943664676,0.330903279,0.995818266,1
202,0,20.44151317,-0.31100912,0.99588537,5.4,19.32361,0.937029189,0.349251056,1,0,0.995561965,0.094108313,0.943664676,0.330903279,0.943664676,0.330903279,0.99588537,1
203,0,20.2406829,-0.308082423,0.995942511,5.4,19.32361,0.938247607,0.345964489,1,0,0.995561965,0.094108313,0.943664676,0.330903279,0.943664676,0.330903279,0.995942511,1
204,0,20.03385488,-0.305064364,0.995988567,5.4,19.32361,0.939490364,0.342575328,1,0,0.995561965,0.094108313,0.943664676,0.330903279,0.943664676,0.330903279,0.995988567,1
205,0,19.82109039,-0.301955533,0.996022403,5.4,19.32361,0.940756017,0.339084233,1,0,0.995561965,0.094108313,0.943664676,0.330903279,0.943664676,0.330903279,0.996022403,1
206,0,19.60245249,-0.298756544,0.996042865,5.4,19.32361,0.942043093,0.335491893,1,0,0.995561965,0.094108313,0.943664676,0.330903279,0.943664676,0.330903279,0.996042865,1
207,0,19.37800596,-0.295468042,0.996048783,5.4,19.32361,0.943350095,0.331799034,1,0,0.995561965,0.094108313,0.943664676,0.330903279,0.943664676,0.330903279,0.996048783,1
208,0,19.14781731,-0.292090699,0.996038976,5.4,19.32361,0.944675497,0.32800641,1,0,0.995561965,0.094108313,0.943664676,0.330903279,0.943664676,0.330903279,0.996038976,1
209,0,18.91195474,-0.288625218,0.996012251,5.4,19.32361,0.946017753,0.324114811,1,0,0.995561965,0.094108313,0.943664676,0.330903279,0.943664676,0.330903279,0.996012251,1
210,0,18.67048816,-0.285072333,0.995967407,5.4,19.32361,0.947375293,0.32012506,1,0,0.995561965,0.094108313,0.943664676,0.330903279,0.943664676,0.330903279,0.995967407,1
211,0,18.4234891,-0.281432806,0.995903233,5.4,19.32361,0.948746528,0.316038014,1,0,0.995561965,0.094108313,0.943664676,0.330903279,0.943664676,0.330903279,0.995903233,1
212,0,18.17103077,-0.277707432,0.995818514,5.4,19.32361,0.950129849,0.311854565,1,0,0.995561965,0.094108313,0.943664676,0.330903279,0.943664676,0.330903279,0.995818514,1
213,0,17.91318797,-0.273897038,0.995712032,5.4,19.32361,0.951523633,0.307575641,1,0,0.995561965,0.094108313,0.943664676,0.330903279,0.943664676,0.330903279,0.995712032,1
214,0,17.65003711,-0.270002482,0.995582566,5.4,19.32361,0.952926241,0.303202208,1,0,0.995561965,0.094108313,0.943664676,0.330903279,0.943664676,0.330903279,0.995582566,1
215,0,17.38165615,-0.266024657,0.995428895,5.4,19.32361,0.954336021,0.298735267,1,0,0.995561965,0.094108313,0.943664676,0.330903279,0.943664676,0.330903279,0.995428895,1
216,0,17.10812464,-0.261964488,0.995249802,5.4,19.32361,0.95575131,0.294175855,1,0,0.995561965,0.094108313,0.943664676,0.330903279,0.943664676,0.330903279,0.995249802,1
217,0,16.82952363,-0.257822932,0.995044072,5.4,19.32361,0.957170437,0.28952505,1,0,0.995561965,0.094108313,0.943664676,0.330903279,0.943664676,0.330903279,0.995044072,1
218,0,16.54593566,-0.253600982,0.994810497,5.4,19.32361,0.958591724,0.284783966,1,0,0.995561965,0.094108313,0.943664676,0.330903279,0.943664676,0.330903279,0.994810497,1
219,0,16.25744477,-0.249299666,0.994547878,5.4,19.32361,0.960013486,0.279953756,1,0,0.995561965,0.094108313,0.943664676,0.330903279,0.943664676,0.330903279,0.994547878,1
220,0,15.96413645,-0.244920044,0.994255024,5.4,19.32361,0.961434039,0.275035613,1,0,0.995561965,0.094108313,0.943664676,0.330903279,0.943664676,0.330903279,0.994255024,1
221,0,15.66609762,-0.240463213,0.993930758,5.4,19.32361,0.962851694,0.270030766,1,0,0.995561965,0.094108313,0.943664676,0.330903279,0.943664676,0.330903279,0.993930758,1
222,0,15.36341658,-0.235930304,0.993573916,5.4,19.32361,0.964264766,0.264940487,1,0,0.995561965,0.094108313,0.943664676,0.330903279,0.943664676,0.330903279,0.993573916,1
223,0,15.05618303,-0.231322485,0.993183349,5.4,19.32361,0.965671569,0.259766087,1,0,0.995561965,0.094108313,0.943664676,0.330903279,0.943664676,0.330903279,0.993183349,1
224,0,14.744488,-0.226640957,0.992757928,5.4,19.32361,0.967070428,0.254508915,1,0,0.995561965,0.094108313,0.943664676,0.330903279,0.943664676,0.330903279,0.992757928,1
225,0,14.42842387,-0.221886959,0.992296543,5.4,19.32361,0.968459669,0.249170361,1,0,0.995561965,0.094108313,0.943664676,0.330903279,0.943664676,0.330903279,0.992296543,1
226,0,14.10808428,-0.217061764,0.991798106,5.4,19.32361,0.969837632,0.243751856,1,0,0.995561965,0.094108313,0.943664676,0.330903279,0.943664676,0.330903279,0.991798106,1
227,0,13.78356417,-0.21216668,0.991261552,5.4,19.32361,0.971202666,0.238254869,1,0,0.995561965,0.094108313,0.943664676,0.330903279,0.943664676,0.330903279,0.991261552,1
228,0,13.45495968,-0.207203053,0.990685842,5.4,19.32361,0.972553132,0.23268091,1,0,0.995561965,0.094108313,0.943664676,0.330903279,0.943664676,0.330903279,0.990685842,1
229,0,13.1223682,-0.202172262,0.990069966,5.4,19.32361,0.973887409,0.227031529,1,0,0.995561965,0.094108313,0.943664676,0.330903279,0.943664676,0.330903279,0.990069966,1
230,0,12.78588828,-0.197075723,0.98941294,5.4,19.32361,0.975203891,0.221308316,1,0,0.995561965,0.094108313,0.943664676,0.330903279,0.943664676,0.330903279,0.98941294,1
231,0,12.44561963,-0.191914886,0.988713815,5.4,19.32361,0.976500994,0.215512898,1,0,0.995561965,0.094108313,0.943664676,0.330903279,0.943664676,0.330903279,0.988713815,1
232,0,12.10166307,-0.186691237,0.987971673,5.4,19.32361,0.977777152,0.209646944,1,0,0.995561965,0.094108313,0.943664676,0.330903279,0.943664676,0.330903279,0.987971673,1
233,0,11.75412053,-0.181406294,0.987185629,5.4,19.32361,0.979030825,0.20371216,1,0,0.995561965,0.094108313,0.943664676,0.330903279,0.943664676,0.330903279,0.987185629,1
234,0,11.40309498,-0.176061612,0.986354839,5.4,19.32361,0.980260496,0.197710292,1,0,0.995561965,0.094108313,0.943664676,0.330903279,0.943664676,0.330903279,0.986354839,1
235,0,11.04869045,-0.170658779,0.985478493,5.4,19.32361,0.981464678,0.191643122,1,0,0.995561965,0.094108313,0.943664676,0.330903279,0.943664676,0.330903279,0.985478493,1
236,0,10.69101196,-0.165199415,0.984555823,5.4,19.32361,0.98264191,0.18551247,1,0,0.995561965,0.094108313,0.943664676,0.330903279,0.943664676,0.330903279,0.984555823,1
237,0,10.33016549,-0.159685174,0.9835861,5.4,19.32361,0.983790765,0.179320193,1,0,0.995561965,0.094108313,0.943664676,0.330903279,0.943664676,0.330903279,0.9835861,1
238,0,9.966257972,-0.154117741,0.98256864,5.4,19.32361,0.984909845,0.173068185,1,0,0.995561965,0.094108313,0.943664676,0.330903279,0.943664676,0.330903279,0.98256864,1
239,0,9.599397234,-0.148498835,0.981502803,5.4,19.32361,0.985997791,0.166758374,1,0,0.995561965,0.094108313,0.943664676,0.330903279,0.943664676,0.330903279,0.981502803,1
240,0,9.229691988,-0.142830204,0.980387994,5.4,19.32361,0.987053278,0.160392723,1,0,0.995561965,0.094108313,0.943664676,0.330903279,0.943664676,0.330903279,0.980387994,1
241,0,8.857251784,-0.137113626,0.979223664,5.4,19.32361,0.98807502,0.153973229,1,0,0.995561965,0.094108313,0.943664676,0.330903279,0.943664676,0.330903279,0.979223664,1
242,0,8.482186986,-0.131350908,0.978009316,5.4,19.32361,0.989061769,0.147501923,1,0,0.995561965,0.094108313,0.943664676,0.330903279,0.943664676,0.330903279,0.978009316,1
243,0,8.104608732,-0.125543887,0.976744498,5.4,19.32361,0.990012321,0.140980867,1,0,0.995561965,0.094108313,0.943664676,0.330903279,0.943664676,0.330903279,0.976744498,1
244,0,7.724628908,-0.119694428,0.975428812,5.4,19.32361,0.990925513,0.134412153,1,0,0.995561965,0.094108313,0.943664676,0.330903279,0.943664676,0.330903279,0.975428812,1
245,0,7.34236011,-0.11380442,0.974061911,5.4,19.32361,0.99180023,0.127797905,1,0,0.995561965,0.094108313,0.943664676,0.330903279,0.943664676,0.330903279,0.974061911,1
246,0,6.957915612,-0.10787578,0.972643501,5.4,19.32361,0.992635398,0.121140274,1,0,0.995561965,0.094108313,0.943664676,0.330903279,0.943664676,0.330903279,0.972643501,1
247,0,6.571409333,-0.10191045,0.971173341,5.4,19.32361,0.993429996,0.114441442,1,0,0.995561965,0.094108313,0.943664676,0.330903279,0.943664676,0.330903279,0.971173341,1
248,0,6.182955804,-0.095910393,0.969651246,5.4,19.32361,0.994183047,0.107703614,1,0,0.995561965,0.094108313,0.943664676,0.330903279,0.943664676,0.330903279,0.969651246,1
249,0,5.792670132,-0.089877598,0.968077086,5.4,19.32361,0.994893629,0.100929021,1,0,0.995561965,0.094108313,0.943664676,0.330903279,0.943664676,0.330903279,0.968077086,1
250,0,5.400667967,-0.083814073,0.966450787,5.4,19.32361,0.995560867,0.09411992,1,0,0.995561965,0.094108313,0.943664676,0.330903279,0.943664676,0.330903279,0.966450787,1
251,0,5.007065467,-0.077721847,0.964772333,5.4,19.32361,0.996183943,0.087278588,1,0,0.995561965,0.094108313,0.943664676,0.330903279,0.943664676,0.330903279,0.964772333,1
252,0,4.611979266,-0.071602967,0.963041765,5.4,19.32361,0.996762089,0.080407327,1,0,0.995561965,0.094108313,0.943664676,0.330903279,0.943664676,0.330903279,0.963041765,1
253,0,4.215526435,-0.0654595,0.961259181,5.4,19.32361,0.997294594,0.073508454,1,0,0.995561965,0.094108313,0.943664676,0.330903279,0.943664676,0.330903279,0.961259181,1
254,0,3.817824453,-0.059293528,0.95942474,5.4,19.32361,0.997780803,0.066584309,1,0,0.995561965,0.094108313,0.943664676,0.330903279,0.943664676,0.330903279,0.95942474,1
255,0,3.418991168,-0.053107147,0.957538658,5.4,19.32361,0.998220115,0.059637245,1,0,0.995561965,0.094108313,0.943664676,0.330903279,0.943664676,0.330903279,0.957538658,1
256,0,3.019144761,-0.046902469,0.955601212,5.4,19.32361,0.998611992,0.052669635,1,0,0.995561965,0.094108313,0.943664676,0.330903279,0.943664676,0.330903279,0.955601212,1
257,0,2.618403717,-0.040681616,0.953612735,5.4,19.32361,0.998955947,0.045683861,1,0,0.995561965,0.094108313,0.943664676,0.330903279,0.943664676,0.330903279,0.953612735,1
258,0,2.216886783,-0.034446723,0.951573622,5.4,19.32361,0.999251559,0.03868232,1,0,0.995561965,0.094108313,0.943664676,0.330903279,0.943664676,0.330903279,0.951573622,1
259,0,1.814712938,-0.028199934,0.949484328,5.4,19.32361,0.999498461,0.031667421,1,0,0.995561965,0.094108313,0.943664676,0.330903279,0.943664676,0.330903279,0.949484328,1
260,0,1.412001354,-0.0219434,0.947345366,5.4,19.32361,0.99969635,0.024641578,1,0,0.995561965,0.094108313,0.943664676,0.330903279,0.943664676,0.330903279,0.947345366,1
261,0,1.008871364,-0.01567928,0.945157308,5.4,19.32361,0.999844981,0.017607217,1,0,0.995561965,0.094108313,0.943664676,0.330903279,0.943664676,0.330903279,0.945157308,1
262,0,0.605442423,-0.009409738,0.942920785,5.4,19.32361,0.99994417,0.010566767,1,0,0.995561965,0.094108313,0.943664676,0.330903279,0.943664676,0.330903279,0.942920785,1
263,0,0.201834077,-0.003136941,0.94063649,5.4,19.32361,0.999993795,0.003522662,1,0,0.995561965,0.094108313,0.943664676,0.330903279,0.943664676,0.330903279,0.94063649,1
264,0,-0.201834077,0.003136941,0.938305169,5.4,19.32361,0.999993795,-0.003522662,1,0,0.995561965,0.094108313,0.943664676,0.330903279,0.943664676,0.330903279,0.938305169,1
265,0,-0.605442423,0.009409738,0.93592763,5.4,19.32361,0.99994417,-0.010566767,1,0,0.995561965,0.094108313,0.943664676,0.330903279,0.943664676,0.330903279,0.93592763,1
266,0,-1.008871364,0.01567928,0.933504736,5.4,19.32361,0.999844981,-0.017607217,1,0,0.995561965,0.094108313,0.943664676,0.330903279,0.943664676,0.330903279,0.933504736,1
267,0,-1.412001354,0.0219434,0.931037407,5.4,19.32361,0.99969635,-0.024641578,1,0,0.995561965,0.094108313,0.943664676,0.330903279,0.943664676,0.330903279,0.931037407,1
268,0,-1.814712938,0.028199934,0.928526621,5.4,19.32361,0.999498461,-0.031667421,1,0,0.995561965,0.094108313,0.943664676,0.330903279,0.943664676,0.330903279,0.928526621,1
269,0,-2.216886783,0.034446723,0.925973409,5.4,19.32361,0.999251559,-0.03868232,1,0,0.995561965,0.094108313,0.943664676,0.330903279,0.943664676,0.330903279,0.925973409,1
270,0,-2.618403717,0.040681616,0.923378856,5.4,19.32361,0.998955947,-0.045683861,1,0,0.995561965,0.094108313,0.943664676,0.330903279,0.943664676,0.330903279,0.923378856,1
271,0,-3.019144761,0.046902469,0.920744102,5.4,19.32361,0.998611992,-0.052669635,1,0,0.995561965,0.094108313,0.943664676,0.330903279,0.943664676,0.330903279,0.920744102,1
272,0,-3.418991168,0.053107147,0.918070338,5.4,19.32361,0.998220115,-0.059637245,1,0,0.995561965,0.094108313,0.943664676,0.330903279,0.943664676,0.330903279,0.918070338,1
273,0,-3.817824453,0.059293528,0.915358808,5.4,19.32361,0.997780803,-0.066584309,1,0,0.995561965,0.094108313,0.943664676,0.330903279,0.943664676,0.330903279,0.915358808,1
274,0,-4.215526435,0.0654595,0.912610804,5.4,19.32361,0.997294594,-0.073508454,1,0,0.995561965,0.094108313,0.943664676,0.330903279,0.943664676,0.330903279,0.912610804,1
275,0,-4.611979266,0.071602967,0.909827668,5.4,19.32361,0.996762089,-0.080407327,1,0,0.995561965,0.094108313,0.943664676,0.330903279,0.943664676,0.330903279,0.909827668,1
276,0,-5.007065467,0.077721847,0.907010791,5.4,19.32361,0.996183943,-0.087278588,1,0,0.995561965,0.094108313,0.943664676,0.330903279,0.943664676,0.330903279,0.907010791,1
277,0,-5.400667967,0.083814073,0.904161607,5.4,19.32361,0.995560867,-0.09411992,1,0,0.995561965,0.094108313,0.943664676,0.330903279,0.943664676,0.330903279,0.904161607,1
278,0,-5.792670132,0.089877598,0.901281598,5.4,19.32361,0.994893629,-0.100929021,1,0,0.995561965,0.094108313,0.943664676,0.330903279,0.943664676,0.330903279,0.901281598,1
279,0,-6.182955804,0.095910393,0.898372288,5.4,19.32361,0.994183047,-0.107703614,1,0,0.995561965,0.094108313,0.943664676,0.330903279,0.943664676,0.330903279,0.898372288,1
280,0,-6.571409333,0.10191045,0.895435244,5.4,19.32361,0.993429996,-0.114441442,1,0,0.995561965,0.094108313,0.943664676,0.330903279,0.943664676,0.330903279,0.895435244,1
281,0,-6.957915612,0.10787578,0.892472073,5.4,19.32361,0.992635398,-0.121140274,1,0,0.995561965,0.094108313,0.943664676,0.330903279,0.943664676,0.330903279,0.892472073,1
282,0,-7.34236011,0.11380442,0.88948442,5.4,19.32361,0.99180023,-0.127797905,1,0,0.995561965,0.094108313,0.943664676,0.330903279,0.943664676,0.330903279,0.88948442,1
283,0,-7.724628908,0.119694428,0.886473968,5.4,19.32361,0.990925513,-0.134412153,1,0,0.995561965,0.094108313,0.943664676,0.330903279,0.943664676,0.330903279,0.886473968,1
284,0,-8.104608732,0.125543887,0.883442436,5.4,19.32361,0.990012321,-0.140980867,1,0,0.995561965,0.094108313,0.943664676,0.330903279,0.943664676,0.330903279,0.883442436,1
285,0,-8.482186986,0.131350908,0.880391576,5.4,19.32361,0.989061769,-0.147501923,1,0,0.995561965,0.094108313,0.943664676,0.330903279,0.943664676,0.330903279,0.880391576,1
286,0,-8.857251784,0.137113626,0.877323171,5.4,19.32361,0.98807502,-0.153973229,1,0,0.995561965,0.094108313,0.943664676,0.330903279,0.943664676,0.330903279,0.877323171,1
287,0,-9.229691988,0.142830204,0.874239038,5.4,19.32361,0.987053278,-0.160392723,1,0,0.995561965,0.094108313,0.943664676,0.330903279,0.943664676,0.330903279,0.874239038,1
288,0,-9.599397234,0.148498835,0.871141018,5.4,19.32361,0.985997791,-0.166758374,1,0,0.995561965,0.094108313,0.943664676,0.330903279,0.943664676,0.330903279,0.871141018,1
289,0,-9.966257972,0.154117741,0.86803098,5.4,19.32361,0.984909845,-0.173068185,1,0,0.995561965,0.094108313,0.943664676,0.330903279,0.943664676,0.330903279,0.86803098,1
290,0,-10.33016549,0.159685174,0.86491082,5.4,19.32361,0.983790765,-0.179320193,1,0,0.995561965,0.094108313,0.943664676,0.330903279,0.943664676,0.330903279,0.86491082,1
291,0,-10.69101196,0.165199415,0.861782454,5.4,19.32361,0.98264191,-0.18551247,1,0,0.995561965,0.094108313,0.943664676,0.330903279,0.943664676,0.330903279,0.861782454,1
292,0,-11.04869045,0.170658779,0.858647819,5.4,19.32361,0.981464678,-0.191643122,1,0,0.995561965,0.094108313,0.943664676,0.330903279,0.943664676,0.330903279,0.858647819,1
293,0,-11.40309498,0.176061612,0.855508871,5.4,19.32361,0.980260496,-0.197710292,1,0,0.995561965,0.094108313,0.943664676,0.330903279,0.943664676,0.330903279,0.855508871,1
294,0,-11.75412053,0.181406294,0.852367586,5.4,19.32361,0.979030825,-0.20371216,1,0,0.995561965,0.094108313,0.943664676,0.330903279,0.943664676,0.330903279,0.852367586,1
295,0,-12.10166307,0.186691237,0.84922595,5.4,19.32361,0.977777152,-0.209646944,1,0,0.995561965,0.094108313,0.943664676,0.330903279,0.943664676,0.330903279,0.84922595,1
296,0,-12.44561963,0.191914886,0.846085966,5.4,19.32361,0.976500994,-0.215512898,1,0,0.995561965,0.094108313,0.943664676,0.330903279,0.943664676,0.330903279,0.846085966,1
297,0,-12.78588828,0.197075723,0.842949646,5.4,19.32361,0.975203891,-0.221308316,1,0,0.995561965,0.094108313,0.943664676,0.330903279,0.943664676,0.330903279,0.842949646,1
298,0,-13.1223682,0.202172262,0.839819011,5.4,19.32361,0.973887409,-0.227031529,1,0,0.995561965,0.094108313,0.943664676,0.330903279,0.943664676,0.330903279,0.839819011,1
299,0,-13.45495968,0.207203053,0.83669609,5.4,19.32361,0.972553132,-0.23268091,1,0,0.995561965,0.094108313,0.943664676,0.330903279,0.943664676,0.330903279,0.83669609,1
300,0,-13.78356417,0.21216668,0.833582918,5.4,19.32361,0.971202666,-0.238254869,1,0,0.995561965,0.094108313,0.943664676,0.330903279,0.943664676,0.330903279,0.833582918,1
301,0,-14.10808428,0.217061764,0.83048153,5.4,19.32361,0.969837632,-0.243751856,1,0,0.995561965,0.094108313,0.943664676,0.330903279,0.943664676,0.330903279,0.83048153,1
302,0,-14.42842387,0.221886959,0.827393965,5.4,19.32361,0.968459669,-0.249170361,1,0,0.995561965,0.094108313,0.943664676,0.330903279,0.943664676,0.330903279,0.827393965,1
303,0,-14.744488,0.226640957,0.82432226,5.4,19.32361,0.967070428,-0.254508915,1,0,0.995561965,0.094108313,0.943664676,0.330903279,0.943664676,0.330903279,0.82432226,1
304,0,-15.05618303,0.231322485,0.821268449,5.4,19.32361,0.965671569,-0.259766087,1,0,0.995561965,0.094108313,0.943664676,0.330903279,0.943664676,0.330903279,0.821268449,1
305,0,-15.36341658,0.235930304,0.818234564,5.4,19.32361,0.964264766,-0.264940487,1,0,0.995561965,0.094108313,0.943664676,0.330903279,0.943664676,0.330903279,0.818234564,1
306,0,-15.66609762,0.240463213,0.815222627,5.4,19.32361,0.962851694,-0.270030766,1,0,0.995561965,0.094108313,0.943664676,0.330903279,0.943664676,0.330903279,0.815222627,1
307,0,-15.96413645,0.244920044,0.812234652,5.4,19.32361,0.961434039,-0.275035613,1,0,0.995561965,0.094108313,0.943664676,0.330903279,0.943664676,0.330903279,0.812234652,1
308,0,-16.25744477,0.249299666,0.809272646,5.4,19.32361,0.960013486,-0.279953756,1,0,0.995561965,0.094108313,0.943664676,0.330903279,0.943664676,0.330903279,0.809272646,1
309,0,-16.54593566,0.253600982,0.806338601,5.4,19.32361,0.958591724,-0.284783966,1,0,0.995561965,0.094108313,0.943664676,0.330903279,0.943664676,0.330903279,0.806338601,1
310,0,-16.82952363,0.257822932,0.803434495,5.4,19.32361,0.957170437,-0.28952505,1,0,0.995561965,0.094108313,0.943664676,0.330903279,0.943664676,0.330903279,0.803434495,1
311,0,-17.10812464,0.261964488,0.800562292,5.4,19.32361,0.95575131,-0.294175855,1,0,0.995561965,0.094108313,0.943664676,0.330903279,0.943664676,0.330903279,0.800562292,1
312,0,-17.38165615,0.266024657,0.797723936,5.4,19.32361,0.954336021,-0.298735267,1,0,0.995561965,0.094108313,0.943664676,0.330903279,0.943664676,0.330903279,0.797723936,1
313,0,-17.65003711,0.270002482,0.794921356,5.4,19.32361,0.952926241,-0.303202208,1,0,0.995561965,0.094108313,0.943664676,0.330903279,0.943664676,0.330903279,0.794921356,1
314,0,-17.91318797,0.273897038,0.792156455,5.4,19.32361,0.951523633,-0.307575641,1,0,0.995561965,0.094108313,0.943664676,0.330903279,0.943664676,0.330903279,0.792156455,1
315,0,-18.17103077,0.277707432,0.789431118,5.4,19.32361,0.950129849,-0.311854565,1,0,0.995561965,0.094108313,0.943664676,0.330903279,0.943664676,0.330903279,0.789431118,1
316,0,-18.4234891,0.281432806,0.786747203,5.4,19.32361,0.948746528,-0.316038014,1,0,0.995561965,0.094108313,0.943664676,0.330903279,0.943664676,0.330903279,0.786747203,1
317,0,-18.67048816,0.285072333,0.784106543,5.4,19.32361,0.947375293,-0.32012506,1,0,0.995561965,0.094108313,0.943664676,0.330903279,0.943664676,0.330903279,0.784106543,1
318,0,-18.91195474,0.288625218,0.781510944,5.4,19.32361,0.946017753,-0.324114811,1,0,0.995561965,0.094108313,0.943664676,0.330903279,0.943664676,0.330903279,0.781510944,1
319,0,-19.14781731,0.292090699,0.778962183,5.4,19.32361,0.944675497,-0.32800641,1,0,0.995561965,0.094108313,0.943664676,0.330903279,0.943664676,0.330903279,0.778962183,1
320,0,-19.37800596,0.295468042,0.776462006,5.4,19.32361,0.943350095,-0.331799034,1,0,0.995561965,0.094108313,0.943664676,0.330903279,0.943664676,0.330903279,0.776462006,1
321,0,-19.60245249,0.298756544,0.77401213,5.4,19.32361,0.942043093,-0.335491893,1,0,0.995561965,0.094108313,0.943664676,0.330903279,0.943664676,0.330903279,0.77401213,1
322,0,-19.82109039,0.301955533,0.771614235,5.4,19.32361,0.940756017,-0.339084233,1,0,0.995561965,0.094108313,0.943664676,0.330903279,0.943664676,0.330903279,0.771614235,1
323,0,-20.03385488,0.305064364,0.769269969,5.4,19.32361,0.939490364,-0.342575328,1,0,0.995561965,0.094108313,0.943664676,0.330903279,0.943664676,0.330903279,0.769269969,1
324,0,-20.2406829,0.308082423,0.766980943,5.4,19.32361,0.938247607,-0.345964489,1,0,0.995561965,0.094108313,0.943664676,0.330903279,0.943664676,0.330903279,0.766980943,1
325,0,-20.44151317,0.31100912,0.764748732,5.4,19.32361,0.937029189,-0.349251056,1,0,0.995561965,0.094108313,0.943664676,0.330903279,0.943664676,0.330903279,0.764748732,1
326,0,-20.63628618,0.313843895,0.762574871,5.4,19.32361,0.935836522,-0.352434397,1,0,0.995561965,0.094108313,0.943664676,0.330903279,0.943664676,0.330903279,0.762574871,1
327,0,-20.82494422,0.316586213,0.760460858,5.4,19.32361,0.934670989,-0.355513913,1,0,0.995561965,0.094108313,0.943664676,0.330903279,0.943664676,0.330903279,0.760460858,1
328,0,-21.00743137,0.319235567,0.758408148,5.4,19.32361,0.933533938,-0.358489034,1,0,0.995561965,0.094108313,0.943664676,0.330903279,0.943664676,0.330903279,0.758408148,1
329,0,-21.18369356,0.321791472,0.756418154,5.4,19.32361,0.932426682,-0.361359215,1,0,0.995561965,0.094108313,0.943664676,0.330903279,0.943664676,0.330903279,0.756418154,1
330,0,-21.35367858,0.32425347,0.754492249,5.4,19.32361,0.9313505,-0.364123943,1,0,0.995561965,0.094108313,0.943664676,0.330903279,0.943664676,0.330903279,0.754492249,1
331,0,-21.51733603,0.326621126,0.75263176,5.4,19.32361,0.930306633,-0.366782727,1,0,0.995561965,0.094108313,0.943664676,0.330903279,0.943664676,0.330903279,0.75263176,1
332,0,-21.67461744,0.328894028,0.750837968,5.4,19.32361,0.929296282,-0.369335107,1,0,0.995561965,0.094108313,0.943664676,0.330903279,0.943664676,0.330903279,0.750837968,1
333,0,-21.82547618,0.331071786,0.74911211,5.4,19.32361,0.928320609,-0.371780644,1,0,0.995561965,0.094108313,0.943664676,0.330903279,0.943664676,0.330903279,0.74911211,1
334,0,-21.96986757,0.333154034,0.747455375,5.4,19.32361,0.927380736,-0.374118926,1,0,0.995561965,0.094108313,0.943664676,0.330903279,0.943664676,0.330903279,0.747455375,1
335,0,-22.10774881,0.335140425,0.745868907,5.4,19.32361,0.926477741,-0.376349566,1,0,0.995561965,0.094108313,0.943664676,0.330903279,0.943664676,0.330903279,0.745868907,1
336,0,-22.23907905,0.337030634,0.744353798,5.4,19.32361,0.92561266,-0.378472196,1,0,0.995561965,0.094108313,0.943664676,0.330903279,0.943664676,0.330903279,0.744353798,1
337,0,-22.36381937,0.338824356,0.742911093,5.4,19.32361,0.924786484,-0.380486476,1,0,0.995561965,0.094108313,0.943664676,0.330903279,0.943664676,0.330903279,0.742911093,1
338,0,-22.48193281,0.340521306,0.741541787,5.4,19.32361,0.924000159,-0.382392085,1,0,0.995561965,0.094108313,0.943664676,0.330903279,0.943664676,0.330903279,0.741541787,1
339,0,-22.59338436,0.342121217,0.740246823,5.4,19.32361,0.923254583,-0.384188722,1,0,0.995561965,0.094108313,0.943664676,0.330903279,0.943664676,0.330903279,0.740246823,1
340,0,-22.69814101,0.343623841,0.739027094,5.4,19.32361,0.92255061,-0.38587611,1,0,0.995561965,0.094108313,0.943664676,0.330903279,0.943664676,0.330903279,0.739027094,1
341,0,-22.79617171,0.345028948,0.737883441,5.4,19.32361,0.921889042,-0.38745399,1,0,0.995561965,0.094108313,0.943664676,0.330903279,0.943664676,0.330903279,0.737883441,1
342,0,-22.88744741,0.346336326,0.736816651,5.4,19.32361,0.921270634,-0.388922124,1,0,0.995561965,0.094108313,0.943664676,0.330903279,0.943664676,0.330903279,0.736816651,1
343,0,-22.97194107,0.347545778,0.73582746,5.4,19.32361,0.920696092,-0.390280291,1,0,0.995561965,0.094108313,0.943664676,0.330903279,0.943664676,0.330903279,0.73582746,1
344,0,-23.04962764,0.348657126,0.734916549,5.4,19.32361,0.92016607,-0.391528292,1,0,0.995561965,0.094108313,0.943664676,0.330903279,0.943664676,0.330903279,0.734916549,1
345,0,-23.12048412,0.349670207,0.734084547,5.4,19.32361,0.919681172,-0.392665942,1,0,0.995561965,0.094108313,0.943664676,0.330903279,0.943664676,0.330903279,0.734084547,1
346,0,-23.18448949,0.350584874,0.733332025,5.4,19.32361,0.919241949,-0.393693077,1,0,0.995561965,0.094108313,0.943664676,0.330903279,0.943664676,0.330903279,0.733332025,1
347,0,-23.2416248,0.351400994,0.732659503,5.4,19.32361,0.918848902,-0.394609548,1,0,0.995561965,0.094108313,0.943664676,0.330903279,0.943664676,0.330903279,0.732659503,1
348,0,-23.29187312,0.352118452,0.732067443,5.4,19.32361,0.918502477,-0.395415225,1,0,0.995561965,0.094108313,0.943664676,0.330903279,0.943664676,0.330903279,0.732067443,1
349,0,-23.33521955,0.352737146,0.731556254,5.4,19.32361,0.918203067,-0.396109994,1,0,0.995561965,0.094108313,0.943664676,0.330903279,0.943664676,0.330903279,0.731556254,1
350,0,-23.37165125,0.353256988,0.731126286,5.4,19.32361,0.917951014,-0.396693756,1,0,0.995561965,0.094108313,0.943664676,0.330903279,0.943664676,0.330903279,0.731126286,1
351,0,-23.40115742,0.353677905,0.730777838,5.4,19.32361,0.917746603,-0.39716643,1,0,0.995561965,0.094108313,0.943664676,0.330903279,0.943664676,0.330903279,0.730777838,1
352,0,-23.42372933,0.353999839,0.730511147,5.4,19.32361,0.917590066,-0.397527949,1,0,0.995561965,0.094108313,0.943664676,0.330903279,0.943664676,0.330903279,0.730511147,1
353,0,-23.43936028,0.354222745,0.730326399,5.4,19.32361,0.917481582,-0.397778264,1,0,0.995561965,0.094108313,0.943664676,0.330903279,0.943664676,0.330903279,0.730326399,1
354,0,-23.44804565,0.354346592,0.73022372,5.4,19.32361,0.917421273,-0.397917338,1,0,0.995561965,0.094108313,0.943664676,0.330903279,0.943664676,0.330903279,0.73022372,1
355,0,-23.44978285,0.354371362,0.73020318,5.4,19.32361,0.917409208,-0.397945154,1,0,0.995561965,0.094108313,0.943664676,0.330903279,0.943664676,0.330903279,0.73020318,1
356,0,-23.44457137,0.354297052,0.730264795,5.4,19.32361,0.9174454,-0.397861707,1,0,0.995561965,0.094108313,0.943664676,0.330903279,0.943664676,0.330903279,0.730264795,1
357,0,-23.43241276,0.354123673,0.730408521,5.4,19.32361,0.917529809,-0.39766701,1,0,0.995561965,0.094108313,0.943664676,0.330903279,0.943664676,0.330903279,0.730408521,1
358,0,-23.41331063,0.353851248,0.73063426,5.4,19.32361,0.917662338,-0.397361087,1,0,0.995561965,0.094108313,0.943664676,0.330903279,0.943664676,0.330903279,0.73063426,1
359,0,-23.38727062,0.353479816,0.730941856,5.4,19.32361,0.917842837,-0.396943984,1,0,0.995561965,0.094108313,0.943664676,0.330903279,0.943664676,0.330903279,0.730941856,1
360,0,-23.35430046,0.353009428,0.731331097,5.4,19.32361,0.918071102,-0.396415756,1,0,0.995561965,0.094108313,0.943664676,0.330903279,0.943664676,0.330903279,0.731331097,1
361,0,-23.31440992,0.352440151,0.731801716,5.4,19.32361,0.918346872,-0.39577648,1,0,0.995561965,0.094108313,0.943664676,0.330903279,0.943664676,0.330903279,0.731801716,1
362,0,-23.26761081,0.351772063,0.732353388,5.4,19.32361,0.918669836,-0.395026243,1,0,0.995561965,0.094108313,0.943664676,0.330903279,0.943664676,0.330903279,0.732353388,1
363,0,-23.21391701,0.35100526,0.732985734,5.4,19.32361,0.919039625,-0.394165154,1,0,0.995561965,0.094108313,0.943664676,0.330903279,0.943664676,0.330903279,0.732985734,1
364,0,-23.15334442,0.350139851,0.733698317,5.4,19.32361,0.919455819,-0.393193333,1,0,0.995561965,0.094108313,0.943664676,0.330903279,0.943664676,0.330903279,0.733698317,1
